date,temperature,humidity,windspeed,raining,rainsoon
10/21/2020 22:00,27.6,58,16.92,0,0
10/21/2020 22:15,27.3,60,19.44,0,0
10/21/2020 22:30,26.3,63,24.48,0,0
10/21/2020 22:45,25.7,67,17.64,0,0
10/21/2020 23:00,25.2,68,17.64,0,0
10/21/2020 23:15,24.3,71,17.28,0,0
10/21/2020 23:30,23.7,75,16.56,0,0
10/21/2020 23:45,23,77,10.8,0,0
10/22/2020 0:00,22.4,79,8.64,0,0
10/22/2020 0:15,21.8,81,7.92,0,0
10/22/2020 0:30,21.4,81,7.56,0,0
10/22/2020 0:45,21.2,82,7.2,0,0
10/22/2020 1:00,20.8,82,9,0,0
10/22/2020 1:15,20.9,82,10.44,0,0
10/22/2020 1:30,20.9,82,9.72,0,0
10/22/2020 1:45,21.2,81,7.56,0,0
10/22/2020 2:00,20.8,81,5.04,0,0
10/22/2020 2:15,20.7,81,5.04,0,0
10/22/2020 2:30,20.6,81,4.32,0,0
10/22/2020 2:45,20.6,81,3.6,0,0
10/22/2020 3:00,20.5,81,9.36,0,0
10/22/2020 3:15,20.9,80,12.24,0,0
10/22/2020 3:30,21,79,15.48,0,0
10/22/2020 3:45,20.8,80,18,0,0
10/22/2020 4:00,20.6,81,14.76,0,0
10/22/2020 4:15,20.6,81,12.6,0,0
10/22/2020 4:30,20.5,81,14.04,0,0
10/22/2020 4:45,20.5,81,12.24,0,0
10/22/2020 5:00,20.4,81,11.52,0,0
10/22/2020 5:15,20.2,82,11.16,0,0
10/22/2020 5:30,20,82,11.52,0,0
10/22/2020 5:45,19.8,82,8.64,0,0
10/22/2020 6:00,19.7,83,10.44,0,0
10/22/2020 6:15,19.7,83,10.08,0,0
10/22/2020 6:30,19.5,83,11.52,0,0
10/22/2020 6:45,19.5,83,11.88,0,0
10/22/2020 7:00,19.5,82,12.96,0,0
10/22/2020 7:15,19.4,82,14.4,0,0
10/22/2020 7:30,19.4,82,11.52,0,0
10/22/2020 7:45,19.5,82,14.76,0,0
10/22/2020 8:00,19.6,83,15.12,0,0
10/22/2020 8:15,19.6,83,15.84,0,0
10/22/2020 8:30,19.7,83,13.68,0,0
10/22/2020 8:45,19.6,82,15.84,0,0
10/22/2020 9:00,19.6,82,15.84,0,0
10/22/2020 9:15,19.6,83,14.4,0,0
10/22/2020 9:30,19.5,83,14.4,0,0
10/22/2020 9:45,19.5,82,14.4,0,0
10/22/2020 10:00,19.6,83,15.84,0,0
10/22/2020 10:15,19.6,82,21.96,0,0
10/22/2020 10:30,19.5,82,16.56,0,0
10/22/2020 10:45,19.6,82,19.44,0,0
10/22/2020 11:00,19.6,82,17.64,0,0
10/22/2020 11:15,19.6,82,18,0,0
10/22/2020 11:30,19.7,82,17.64,0,0
10/22/2020 11:45,19.6,82,21.24,0,0
10/22/2020 12:00,19.6,82,21.6,0,0
10/22/2020 12:15,19.5,82,21.6,0,0
10/22/2020 12:30,19.5,83,17.64,0,0
10/22/2020 12:45,19.4,82,20.16,0,0
10/22/2020 13:00,19.7,83,20.16,0,0
10/22/2020 13:15,20,82,21.96,0,0
10/22/2020 13:30,20.3,82,18,0,0
10/22/2020 13:45,20.7,82,25.92,0,0
10/22/2020 14:00,21.1,81,25.56,0,0
10/22/2020 14:15,21.8,80,31.68,0,0
10/22/2020 14:30,22.5,79,23.04,0,0
10/22/2020 14:45,23.1,76,26.28,0,0
10/22/2020 15:00,24,72,20.52,0,0
10/22/2020 15:15,24.7,69,22.68,0,0
10/22/2020 15:30,25.3,67,24.84,0,0
10/22/2020 15:45,25.4,64,28.44,0,0
10/22/2020 16:00,25.9,63,23.4,0,0
10/22/2020 16:15,26.5,61,23.4,0,0
10/22/2020 16:30,27.6,59,13.68,0,0
10/22/2020 16:45,27.4,56,23.76,0,0
10/22/2020 17:00,26.8,56,27.36,0,0
10/22/2020 17:15,26.5,57,24.84,0,0
10/22/2020 17:30,27.6,55,14.4,0,0
10/22/2020 17:45,27.2,54,15.48,0,0
10/22/2020 18:00,28.5,49,12.96,0,0
10/22/2020 18:15,29.3,46,18.36,0,0
10/22/2020 18:30,29.1,45,25.56,0,0
10/22/2020 18:45,29,44,14.4,0,0
10/22/2020 19:00,29.6,43,21.96,0,0
10/22/2020 19:15,30.2,42,19.08,0,0
10/22/2020 19:30,30.2,40,14.76,0,0
10/22/2020 19:45,29.7,41,23.04,0,0
10/22/2020 20:00,30.1,39,13.32,0,0
10/22/2020 20:15,30.6,38,30.96,0,0
10/22/2020 20:30,30.4,37,32.76,0,0
10/22/2020 20:45,30.3,37,24.48,0,0
10/22/2020 21:00,30.4,37,30.24,0,0
10/22/2020 21:15,30.7,38,14.76,0,0
10/22/2020 21:30,30.2,38,25.92,0,0
10/22/2020 21:45,29.4,39,28.44,0,0
10/22/2020 22:00,29,39,25.56,0,0
10/22/2020 22:15,28.7,40,31.32,0,0
10/22/2020 22:30,28,41,24.48,0,0
10/22/2020 22:45,27.4,42,25.56,0,0
10/22/2020 23:00,26.6,44,27,0,0
10/22/2020 23:15,25.9,45,25.2,0,0
10/22/2020 23:30,25.3,47,23.04,0,0
10/22/2020 23:45,24.7,50,16.2,0,0
10/23/2020 0:00,24.5,52,18,0,0
10/23/2020 0:15,24,54,14.76,0,0
10/23/2020 0:30,23.7,57,18.36,0,0
10/23/2020 0:45,23.6,58,20.16,0,0
10/23/2020 1:00,23.4,60,20.88,0,0
10/23/2020 1:15,23.3,61,20.52,0,0
10/23/2020 1:30,23.2,63,28.08,0,0
10/23/2020 1:45,23,64,22.68,0,0
10/23/2020 2:00,22.8,66,21.96,0,0
10/23/2020 2:15,22.8,67,20.16,0,0
10/23/2020 2:30,22.6,67,14.76,0,0
10/23/2020 2:45,22.4,68,14.4,0,0
10/23/2020 3:00,22.2,69,15.84,0,0
10/23/2020 3:15,22.1,69,14.04,0,0
10/23/2020 3:30,21.7,71,9.72,0,0
10/23/2020 3:45,21.5,72,10.08,0,0
10/23/2020 4:00,21.1,74,7.92,0,0
10/23/2020 4:15,20.9,75,9.36,0,0
10/23/2020 4:30,20.6,77,8.64,0,0
10/23/2020 4:45,20.3,78,6.12,0,0
10/23/2020 5:00,20.2,79,11.16,0,0
10/23/2020 5:15,20.2,79,11.16,0,0
10/23/2020 5:30,20.1,80,12.96,0,0
10/23/2020 5:45,20.1,80,14.04,0,0
10/23/2020 6:00,20,80,14.4,0,0
10/23/2020 6:15,19.9,81,16.56,0,0
10/23/2020 6:30,19.9,81,15.12,0,0
10/23/2020 6:45,19.7,82,15.12,0,0
10/23/2020 7:00,19.7,82,15.12,0,0
10/23/2020 7:15,19.8,82,14.04,0,0
10/23/2020 7:30,19.6,82,12.96,0,0
10/23/2020 7:45,19.8,82,15.84,0,0
10/23/2020 8:00,19.8,82,16.92,0,0
10/23/2020 8:15,19.8,83,14.76,0,0
10/23/2020 8:30,19.8,83,12.6,0,0
10/23/2020 8:45,20.1,82,12.6,0,0
10/23/2020 9:00,20.2,82,16.56,0,0
10/23/2020 9:15,20.3,82,15.84,0,0
10/23/2020 9:30,20.4,82,14.4,0,0
10/23/2020 9:45,20.3,82,10.08,0,0
10/23/2020 10:00,20,82,6.48,0,0
10/23/2020 10:15,20,82,10.44,0,0
10/23/2020 10:30,18.6,74,11.52,0,0
10/23/2020 10:45,15.6,76,9.72,0,0
10/23/2020 11:00,13.7,78,10.44,0,0
10/23/2020 11:15,12.5,80,6.12,0,0
10/23/2020 11:30,11.6,81,14.04,0,0
10/23/2020 11:45,11.1,83,10.08,0,0
10/23/2020 12:00,10.4,84,12.6,0,0
10/23/2020 12:15,9.8,86,12.24,0,0
10/23/2020 12:30,8.9,86,14.76,0,0
10/23/2020 12:45,8.2,86,11.88,0,0
10/23/2020 13:00,7.6,87,14.4,0,0
10/23/2020 13:15,7.3,87,12.6,0,0
10/23/2020 13:30,6.7,87,10.08,0,0
10/23/2020 13:45,6.5,87,10.8,0,0
10/23/2020 14:15,6,87,15.48,0,0
10/23/2020 14:30,5.8,87,10.8,0,0
10/23/2020 14:45,5.7,87,13.68,0,0
10/23/2020 15:00,4.9,88,13.68,0,0
10/23/2020 15:15,4.5,88,14.4,0,0
10/23/2020 15:30,4.5,88,9.72,0,0
10/23/2020 15:45,4.5,88,14.04,0,0
10/23/2020 16:00,4.8,88,10.44,0,0
10/23/2020 16:15,4.5,88,12.96,0,0
10/23/2020 16:30,4.7,88,13.68,0,0
10/23/2020 16:45,4.7,88,13.68,0,0
10/23/2020 17:00,5.4,87,13.68,0,0
10/23/2020 17:15,5.8,87,13.68,0,0
10/23/2020 17:30,5.9,86,13.68,0,0
10/23/2020 17:45,5.5,85,13.68,0,0
10/23/2020 18:00,5.5,85,13.68,0,0
10/23/2020 18:15,7.3,82,9,0,0
10/23/2020 18:30,7.4,77,9,0,0
10/23/2020 18:45,6.5,78,9,0,0
10/23/2020 19:00,6.1,83,14.76,0,0
10/23/2020 19:15,6.6,81,14.76,0,0
10/23/2020 19:30,6.7,79,14.76,0,0
10/23/2020 19:45,6.5,82,14.76,0,0
10/23/2020 20:00,6.3,80,14.76,0,0
10/23/2020 20:15,6.5,77,14.76,0,0
10/23/2020 20:30,6.5,78,14.76,0,0
10/23/2020 20:45,6.5,78,14.76,0,0
10/23/2020 21:00,6.6,77,14.76,0,0
10/23/2020 21:15,6.4,77,14.76,0,0
10/23/2020 21:30,6.7,76,14.76,0,0
10/23/2020 21:45,6.6,76,14.76,0,0
10/23/2020 22:00,6.6,76,14.76,0,0
10/23/2020 22:15,6.5,76,14.76,0,0
10/23/2020 22:30,6.4,75,14.76,0,0
10/23/2020 22:45,6.2,76,14.76,0,0
10/23/2020 23:00,6,77,10.8,0,0
10/23/2020 23:15,6,77,6.48,0,0
10/23/2020 23:30,5.9,78,8.64,0,0
10/23/2020 23:45,5.9,78,7.92,0,0
10/24/2020 0:00,6,77,5.04,0,0
10/24/2020 0:15,6,77,5.04,0,0
10/24/2020 0:30,5.9,77,5.04,0,0
10/24/2020 0:45,6,75,5.04,0,0
10/24/2020 1:00,6,75,5.76,0,0
10/24/2020 1:15,6,75,3.24,0,0
10/24/2020 1:30,6,75,2.16,0,0
10/24/2020 2:00,6,75,4.68,0,0
10/24/2020 2:15,5.9,75,4.68,0,0
10/24/2020 2:30,5.9,74,5.4,0,0
10/24/2020 2:45,5.8,73,6.48,0,0
10/24/2020 3:00,5.8,74,2.16,0,0
10/24/2020 3:15,5.8,74,3.24,0,0
10/24/2020 3:30,5.8,75,1.44,0,0
10/24/2020 3:45,5.6,73,3.24,0,0
10/24/2020 4:00,5.5,72,6.84,0,0
10/24/2020 4:15,5.4,73,6.84,0,0
10/24/2020 4:30,5.3,74,2.52,0,0
10/24/2020 4:45,5.1,73,1.8,0,0
10/24/2020 5:00,5.1,73,5.04,0,0
10/24/2020 5:15,5,74,1.8,0,0
10/24/2020 5:30,5,73,1.8,0,0
10/24/2020 5:45,4.9,74,1.8,0,0
10/24/2020 6:00,4.8,74,1.8,0,0
10/24/2020 6:15,4.7,75,1.44,0,0
10/24/2020 6:30,4.7,75,2.16,0,0
10/24/2020 6:45,4.7,75,1.8,0,0
10/24/2020 7:00,4.6,75,6.12,0,0
10/24/2020 7:15,4.5,75,3.6,0,0
10/24/2020 7:30,4.5,75,0,0,0
10/24/2020 7:45,4.5,76,1.44,0,0
10/24/2020 8:00,4.5,76,0,0,0
10/24/2020 8:15,4.4,76,1.8,0,0
10/24/2020 8:30,4.4,75,0,0,0
10/24/2020 8:45,4.4,75,0,0,0
10/24/2020 9:00,4.4,73,1.44,0,0
10/24/2020 9:15,4.4,74,1.44,0,0
10/24/2020 9:30,4.4,74,0,0,0
10/24/2020 9:45,4.4,73,2.52,0,0
10/24/2020 10:00,4.3,70,2.52,0,0
10/24/2020 10:15,4.2,70,1.44,0,0
10/24/2020 10:30,4.2,71,0,0,0
10/24/2020 10:45,4.2,72,1.8,0,0
10/24/2020 11:00,4.2,73,0,0,0
10/24/2020 11:15,4.1,73,3.6,0,0
10/24/2020 11:30,4.1,72,0,0,0
10/24/2020 11:45,4.1,73,0,0,0
10/24/2020 12:00,4.1,73,2.52,0,0
10/24/2020 12:15,4.1,74,1.8,0,0
10/24/2020 12:30,4.2,73,1.8,0,0
10/24/2020 12:45,4.3,73,2.16,0,0
10/24/2020 13:00,4.3,73,0,0,0
10/24/2020 13:15,4.3,72,0,0,0
10/24/2020 13:30,4.5,72,1.8,0,0
10/24/2020 13:45,4.6,71,0,0,0
10/24/2020 14:00,4.8,71,1.8,0,0
10/24/2020 14:15,5.1,70,0,0,0
10/24/2020 14:30,5.5,69,0,0,0
10/24/2020 14:45,5.9,68,0,0,0
10/24/2020 15:00,6.5,66,1.44,0,0
10/24/2020 15:15,6.7,64,1.44,0,0
10/24/2020 15:45,6.8,62,1.44,0,0
10/24/2020 16:00,7.3,61,1.44,0,0
10/24/2020 16:15,7.3,61,1.44,0,0
10/24/2020 16:30,7.3,61,1.44,0,0
10/24/2020 16:45,8,61,1.44,0,0
10/24/2020 17:00,8.6,58,1.44,0,0
10/24/2020 17:15,8.9,57,1.44,0,0
10/24/2020 17:30,9.2,54,2.52,0,0
10/24/2020 17:45,9.7,55,0,0,0
10/24/2020 18:00,10.1,53,1.8,0,0
10/24/2020 18:15,10.1,53,2.16,0,0
10/24/2020 18:30,9.6,54,0,0,0
10/24/2020 18:45,9.7,55,0,0,0
10/24/2020 19:00,9.3,55,0,0,0
10/24/2020 19:15,9.8,55,0,0,0
10/24/2020 19:30,9.7,55,0,0,0
10/24/2020 20:00,9.8,55,0,0,0
10/24/2020 20:15,9.3,55,0,0,0
10/24/2020 20:30,9.1,56,0,0,0
10/24/2020 20:45,8.9,57,0,0,0
10/24/2020 21:00,9,57,0,0,0
10/24/2020 21:15,8.9,58,0,0,0
10/24/2020 21:30,8.5,59,1.44,0,0
10/24/2020 21:45,8.4,60,0,0,0
10/24/2020 22:00,8.3,61,0,0,0
10/24/2020 22:15,8.1,61,0,0,0
10/24/2020 22:30,7.9,63,0,0,0
10/24/2020 23:00,7.5,66,0,0,0
10/24/2020 23:15,7.4,67,0,0,0
10/24/2020 23:30,7.2,68,0,0,0
10/24/2020 23:45,7.1,68,0,0,0
10/25/2020 0:00,7,69,0,0,0
10/25/2020 0:15,6.8,71,0,0,0
10/25/2020 0:30,6.7,73,0,0,0
10/25/2020 0:45,6.6,73,1.44,0,0
10/25/2020 1:00,6.5,74,0,0,0
10/25/2020 1:15,6.5,75,0,0,0
10/25/2020 1:30,6.4,74,0,0,0
10/25/2020 1:45,6.4,75,0,0,0
10/25/2020 2:00,6.4,75,0,0,0
10/25/2020 2:15,6.4,75,0,0,0
10/25/2020 2:30,6.4,75,1.44,0,0
10/25/2020 2:45,6.4,75,0,0,0
10/25/2020 3:00,6.5,75,0,0,0
10/25/2020 3:15,6.5,75,0,0,0
10/25/2020 3:30,6.4,75,0,0,0
10/25/2020 3:45,6.4,75,0,0,0
10/25/2020 4:00,6.4,75,0,0,0
10/25/2020 4:30,6.4,75,0,0,0
10/25/2020 4:45,6.3,76,0,0,0
10/25/2020 5:00,6.3,76,0,0,0
10/25/2020 5:15,6.3,76,0,0,0
10/25/2020 5:30,6.3,76,0,0,0
10/25/2020 5:45,6.2,76,0,0,0
10/25/2020 6:00,6,77,0,0,0
10/25/2020 6:15,6,78,0,0,0
10/25/2020 6:30,5.9,79,0,0,0
10/25/2020 6:45,5.8,79,0,0,0
10/25/2020 7:00,5.8,80,0,0,0
10/25/2020 7:15,5.7,80,0,0,0
10/25/2020 7:30,5.8,80,0,0,0
10/25/2020 7:45,5.8,80,0,0,0
10/25/2020 8:00,5.8,80,0,0,0
10/25/2020 8:15,5.7,80,0,0,0
10/25/2020 8:30,5.7,80,0,0,0
10/25/2020 8:45,5.7,81,0,0,0
10/25/2020 9:00,5.6,81,0,0,0
10/25/2020 9:15,5.6,82,1.44,0,0
10/25/2020 9:30,5.5,83,0,0,0
10/25/2020 9:45,5.5,83,0,0,0
10/25/2020 10:00,5.5,84,0,0,0
10/25/2020 10:15,5.5,84,0,0,0
10/25/2020 10:30,5.4,85,2.16,0,0
10/25/2020 10:45,5.5,85,0,0,0
10/25/2020 11:00,5.5,85,0,0,0
10/25/2020 11:15,5.5,85,0,0,0
10/25/2020 11:30,5.5,86,0,0,0
10/25/2020 11:45,5.4,86,0,0,0
10/25/2020 12:00,5.4,86,0,0,0
10/25/2020 12:15,5.3,86,0,0,0
10/25/2020 12:30,5.3,86,0,0,0
10/25/2020 12:45,5.3,87,0,0,0
10/25/2020 13:00,5.3,87,0,0,0
10/25/2020 13:15,5.3,87,0,0,0
10/25/2020 13:30,5.4,87,0,0,0
10/25/2020 13:45,5.7,87,1.44,0,0
10/25/2020 14:00,5.8,87,0,0,0
10/25/2020 14:15,6.1,87,0,0,0
10/25/2020 14:30,6.4,87,1.44,0,0
10/25/2020 14:45,7.4,86,0,0,0
10/25/2020 15:15,8.3,82,1.44,0,0
10/25/2020 15:30,8.9,79,0,0,0
10/25/2020 15:45,8.4,76,1.44,0,0
10/25/2020 16:00,8.9,76,0,0,0
10/25/2020 16:15,9.5,75,1.44,0,0
10/25/2020 16:30,8.8,73,1.44,0,0
10/25/2020 16:45,10.3,72,1.8,0,0
10/25/2020 17:00,9.2,70,0,0,0
10/25/2020 17:15,9.3,71,0,0,0
10/25/2020 17:30,9,70,0,0,0
10/25/2020 17:45,8.8,72,1.44,0,0
10/25/2020 18:00,9.1,72,3.96,0,0
10/25/2020 18:15,9.5,71,1.8,0,0
10/25/2020 18:30,10.2,68,0,0,0
10/25/2020 18:45,10,67,2.52,0,0
10/25/2020 19:00,9.2,68,2.16,0,0
10/25/2020 19:15,9.5,69,0,0,0
10/25/2020 19:30,9.1,69,0,0,0
10/25/2020 19:45,9,71,1.44,0,0
10/25/2020 20:00,8.6,73,4.68,0,0
10/25/2020 20:15,8.5,74,3.24,0,0
10/25/2020 20:30,8.5,73,11.16,0,0
10/25/2020 20:45,8.5,74,2.52,0,0
10/25/2020 21:00,8.2,74,6.12,0,0
10/25/2020 21:15,8.3,75,1.44,0,0
10/25/2020 21:30,8.2,76,2.16,0,0
10/25/2020 21:45,8.1,76,1.8,0,0
10/25/2020 22:00,8,77,3.6,0,0
10/25/2020 22:15,7.8,78,0,0,0
10/25/2020 22:30,7.6,79,1.44,0,0
10/25/2020 22:45,7.4,81,2.16,0,0
10/25/2020 23:00,7.3,82,0,0,0
10/25/2020 23:15,7.1,83,2.16,0,0
10/25/2020 23:30,7,83,0,0,0
10/25/2020 23:45,6.9,84,1.44,0,0
10/26/2020 0:00,6.8,84,0,0,0
10/26/2020 0:15,6.9,84,0,0,0
10/26/2020 0:30,6.8,83,2.16,0,0
10/26/2020 0:45,6.8,83,1.44,0,0
10/26/2020 1:00,6.7,82,5.76,0,0
10/26/2020 1:15,6.7,82,0,0,0
10/26/2020 1:30,6.6,83,0,0,0
10/26/2020 1:45,6.5,83,2.52,0,0
10/26/2020 2:00,6.3,84,1.44,0,0
10/26/2020 2:15,6.3,84,2.52,0,0
10/26/2020 2:30,6.1,84,3.96,0,0
10/26/2020 2:45,6.2,84,2.16,0,0
10/26/2020 3:00,6.1,84,1.44,0,0
10/26/2020 3:15,6.1,84,2.52,0,0
10/26/2020 3:30,6,84,2.52,0,0
10/26/2020 3:45,5.9,85,2.16,0,0
10/26/2020 4:00,5.8,85,0,0,0
10/26/2020 4:15,5.8,85,0,0,0
10/26/2020 4:30,5.8,85,0,0,0
10/26/2020 4:45,5.7,85,2.16,0,0
10/26/2020 5:00,5.6,85,1.8,0,0
10/26/2020 5:15,5.5,85,0,0,0
10/26/2020 5:30,5.4,85,2.16,0,0
10/26/2020 5:45,5.4,85,1.8,0,0
10/26/2020 6:00,5.4,85,0,0,0
10/26/2020 6:15,5.3,86,7.2,0,0
10/26/2020 6:30,5.3,86,2.16,0,0
10/26/2020 6:45,5.1,86,3.24,0,0
10/26/2020 7:00,5,87,4.32,0,0
10/26/2020 7:15,4.9,87,2.52,0,0
10/26/2020 7:30,4.9,87,2.52,0,0
10/26/2020 7:45,4.8,88,1.44,0,0
10/26/2020 8:00,4.8,88,6.84,0,0
10/26/2020 8:15,4.8,88,2.52,0,0
10/26/2020 8:30,4.7,88,4.32,0,0
10/26/2020 8:45,4.7,88,2.52,0,0
10/26/2020 9:00,4.7,88,2.52,0,0
10/26/2020 9:15,4.5,87,2.52,0,0
10/26/2020 9:30,4.3,88,3.24,0,0
10/26/2020 9:45,4.1,87,3.24,0,0
10/26/2020 10:00,3.8,88,5.76,0,0
10/26/2020 10:15,3.6,87,2.52,0,0
10/26/2020 10:30,3.5,87,3.6,0,0
10/26/2020 10:45,3.4,87,2.52,0,0
10/26/2020 11:00,3.2,86,2.52,0,0
10/26/2020 11:15,3.1,86,3.96,0,0
10/26/2020 11:30,3.1,86,1.8,0,0
10/26/2020 11:45,3.1,86,3.6,0,0
10/26/2020 12:00,3,86,2.52,0,0
10/26/2020 12:15,3.1,86,0,0,0
10/26/2020 12:30,3.1,86,0,0,0
10/26/2020 12:45,3,86,2.16,0,0
10/26/2020 13:00,2.9,87,1.8,0,1
10/26/2020 13:15,2.8,87,1.44,1,1
10/26/2020 13:30,2.8,87,0,1,1
10/26/2020 13:45,2.7,86,5.04,1,1
10/26/2020 14:00,2.6,86,3.96,1,1
10/26/2020 14:15,2.5,86,3.24,1,1
10/26/2020 14:30,2.3,86,3.6,1,1
10/26/2020 14:45,2.4,86,1.8,1,1
10/26/2020 15:00,2.4,86,1.44,1,1
10/26/2020 15:15,2.3,86,2.16,1,1
10/26/2020 15:30,2.3,86,0,1,1
10/26/2020 15:45,2.3,86,1.8,1,1
10/26/2020 16:00,2.2,86,2.52,1,1
10/26/2020 16:15,2,87,0,1,1
10/26/2020 16:30,1.8,87,3.96,1,1
10/26/2020 16:45,1.7,87,2.52,1,1
10/26/2020 17:00,1.6,87,3.96,1,1
10/26/2020 17:15,1.5,86,3.6,1,1
10/26/2020 17:30,1.4,86,2.52,1,1
10/26/2020 17:45,1.4,86,0,1,1
10/26/2020 18:00,1.4,86,2.16,1,1
10/26/2020 18:15,1.4,86,2.16,1,1
10/26/2020 18:30,1.4,86,2.52,1,1
10/26/2020 18:45,1.3,86,2.16,1,1
10/26/2020 19:00,1.3,86,2.52,1,1
10/26/2020 19:15,1.3,86,3.24,1,1
10/26/2020 19:30,1.3,86,2.52,1,1
10/26/2020 19:45,1.4,86,3.24,1,1
10/26/2020 20:00,1.4,86,1.44,1,1
10/26/2020 20:15,1.4,86,3.24,1,1
10/26/2020 20:30,1.3,86,5.4,1,1
10/26/2020 20:45,1.3,86,1.8,1,1
10/26/2020 21:00,1.2,86,1.44,1,1
10/26/2020 21:15,1.1,86,1.44,1,1
10/26/2020 21:30,1.1,86,0,1,1
10/26/2020 21:45,1,86,3.96,1,1
10/26/2020 22:00,0.9,87,4.68,1,1
10/26/2020 22:15,0.8,86,1.44,1,1
10/26/2020 22:30,0.7,86,2.16,1,1
10/26/2020 22:45,0.7,86,5.4,1,1
10/26/2020 23:00,0.7,86,2.52,1,1
10/26/2020 23:15,0.7,86,2.16,1,1
10/26/2020 23:30,0.7,86,0,1,1
10/26/2020 23:45,0.6,86,0,1,1
10/27/2020 0:00,0.5,86,0,1,0
10/27/2020 0:15,0.4,86,1.8,0,0
10/27/2020 0:30,0.4,86,3.6,0,0
10/27/2020 0:45,0.4,86,2.52,0,0
10/27/2020 1:00,0.4,86,2.52,0,0
10/27/2020 1:15,0.4,86,3.96,0,0
10/27/2020 1:30,0.3,87,4.68,0,0
10/27/2020 1:45,0.3,87,4.68,0,0
10/27/2020 2:00,0.3,86,2.52,0,0
10/27/2020 2:15,0.4,86,2.16,0,0
10/27/2020 2:30,0.4,86,1.44,0,0
10/27/2020 2:45,0.4,86,1.8,0,0
10/27/2020 3:00,0.4,85,1.8,0,0
10/27/2020 3:15,0.4,85,1.8,0,0
10/27/2020 3:30,0.4,85,2.16,0,0
10/27/2020 3:45,0.4,85,2.52,0,0
10/27/2020 4:00,0.4,85,2.52,0,0
10/27/2020 4:15,0.4,85,0,0,0
10/27/2020 4:30,0.4,85,0,0,0
10/27/2020 4:45,0.4,84,2.16,0,0
10/27/2020 5:00,0.5,84,2.16,0,0
10/27/2020 5:15,0.5,84,0,0,0
10/27/2020 5:30,0.4,84,2.16,0,0
10/27/2020 5:45,0.4,84,1.8,0,0
10/27/2020 6:00,0.4,84,2.16,0,0
10/27/2020 6:15,0.4,84,1.44,0,0
10/27/2020 6:30,0.4,84,0,0,0
10/27/2020 6:45,0.4,84,1.44,0,0
10/27/2020 7:00,0.3,84,2.16,0,0
10/27/2020 7:15,0.3,84,1.8,0,1
10/27/2020 7:30,0.3,84,2.16,1,1
10/27/2020 7:45,0.3,84,2.52,1,1
10/27/2020 8:00,0.3,84,3.24,1,1
10/27/2020 8:15,0.4,84,0,1,1
10/27/2020 8:30,0.4,84,2.52,1,1
10/27/2020 8:45,0.3,84,2.16,1,1
10/27/2020 9:00,0.3,84,3.6,1,1
10/27/2020 9:15,0.4,84,2.16,1,0
10/27/2020 9:30,0.3,84,2.16,0,0
10/27/2020 9:45,0.3,84,0,0,0
10/27/2020 10:00,0.3,84,0,0,0
10/27/2020 10:15,0.3,84,0,0,0
10/27/2020 10:30,0.3,84,3.6,0,0
10/27/2020 10:45,0.3,84,0,0,0
10/27/2020 11:00,0.3,84,0,0,0
10/27/2020 11:15,0.3,84,0,0,0
10/27/2020 11:30,0.3,84,2.16,0,0
10/27/2020 11:45,0.3,84,2.16,0,0
10/27/2020 12:00,0.3,84,2.16,0,0
10/27/2020 12:15,0.3,84,3.24,0,0
10/27/2020 12:30,0.3,84,1.8,0,0
10/27/2020 12:45,0.2,84,1.8,0,0
10/27/2020 13:00,0.3,84,1.44,0,0
10/27/2020 13:15,0.4,84,0,0,0
10/27/2020 13:30,0.4,83,3.24,0,0
10/27/2020 13:45,0.5,83,0,0,0
10/27/2020 14:00,0.9,83,1.8,0,0
10/27/2020 14:15,1,83,0,0,0
10/27/2020 14:30,1,83,1.44,0,0
10/27/2020 14:45,1.2,83,0,0,0
10/27/2020 15:00,1.5,83,0,0,0
10/27/2020 15:15,1.9,83,0,0,0
10/27/2020 15:30,1.9,84,1.8,0,0
10/27/2020 15:45,1.9,85,0,0,0
10/27/2020 16:00,1.5,87,4.32,0,1
10/27/2020 16:15,1.7,86,0,1,1
10/27/2020 16:30,1.7,86,2.16,1,1
10/27/2020 16:45,1.9,86,2.52,1,1
10/27/2020 17:00,2,85,3.24,1,1
10/27/2020 17:15,1.9,86,4.68,1,1
10/27/2020 17:30,2.3,86,3.24,1,1
10/27/2020 17:45,2.6,85,0,1,1
10/27/2020 18:00,2.9,85,4.68,1,1
10/27/2020 18:15,3.4,85,1.44,1,1
10/27/2020 18:30,3.1,86,1.44,1,1
10/27/2020 18:45,3.3,86,0,1,1
10/27/2020 19:00,3,86,0,1,1
10/27/2020 19:15,3.3,86,0,1,1
10/27/2020 19:30,3.6,86,0,1,1
10/27/2020 19:45,3.6,86,0,1,1
10/27/2020 20:00,3.9,86,0,1,1
10/27/2020 20:15,3.9,86,0,1,1
10/27/2020 20:30,3.7,86,0,1,1
10/27/2020 20:45,4,85,1.8,1,1
10/27/2020 21:00,3.6,87,0,1,1
10/27/2020 21:15,3.5,86,0,1,1
10/27/2020 21:30,3.3,86,7.92,1,1
10/27/2020 21:45,3.4,86,0,1,0
10/27/2020 22:00,3.4,86,0,0,0
10/27/2020 22:15,3.2,86,1.44,0,0
10/27/2020 22:30,3.3,85,0,0,0
10/27/2020 22:45,3.3,85,0,0,0
10/27/2020 23:00,3.3,85,0,0,0
10/27/2020 23:15,3.2,85,0,0,0
10/27/2020 23:30,3.1,85,0,0,0
10/27/2020 23:45,3.1,85,1.8,0,0
10/28/2020 0:00,3,84,4.32,0,0
10/28/2020 0:15,2.9,84,0,0,0
10/28/2020 0:30,2.7,84,1.8,0,0
10/28/2020 0:45,2.7,84,0,0,0
10/28/2020 1:00,2.7,84,2.52,0,0
10/28/2020 1:15,2.7,84,3.24,0,0
10/28/2020 1:30,2.6,84,4.32,0,0
10/28/2020 1:45,2.4,84,4.68,0,0
10/28/2020 2:00,1.9,84,6.48,0,0
10/28/2020 2:15,1.7,84,1.44,0,0
10/28/2020 2:30,1.4,84,2.52,0,0
10/28/2020 2:45,1.3,84,1.44,0,0
10/28/2020 3:00,1.3,84,1.8,0,0
10/28/2020 3:15,1.2,84,2.16,0,0
10/28/2020 3:30,1.2,83,0,0,0
10/28/2020 3:45,1.3,83,2.16,0,0
10/28/2020 4:00,1.3,83,0,0,0
10/28/2020 4:15,1.4,83,0,0,0
10/28/2020 4:30,1.6,83,0,0,0
10/28/2020 4:45,1.7,83,0,0,0
10/28/2020 5:00,1.8,83,0,0,0
10/28/2020 5:15,1.9,82,0,0,0
10/28/2020 5:30,2.1,82,0,0,0
10/28/2020 5:45,2.1,82,0,0,0
10/28/2020 6:00,2.3,82,0,0,0
10/28/2020 6:15,2.3,82,0,0,0
10/28/2020 6:30,2.4,82,0,0,0
10/28/2020 6:45,2.6,82,0,0,0
10/28/2020 7:00,2.6,82,0,0,0
10/28/2020 7:15,2.7,82,0,0,0
10/28/2020 7:30,2.8,82,0,0,0
10/28/2020 7:45,2.8,83,0,0,0
10/28/2020 8:00,2.9,83,0,0,0
10/28/2020 8:15,2.9,83,2.16,0,0
10/28/2020 8:30,2.9,83,0,0,0
10/28/2020 8:45,2.9,83,0,0,0
10/28/2020 9:00,3,82,0,0,0
10/28/2020 9:15,3.1,82,0,0,0
10/28/2020 9:30,3.1,82,0,0,0
10/28/2020 9:45,3.2,82,0,0,1
10/29/2020 9:00,7.2,77,5.04,1,1
10/29/2020 9:15,7.1,77,3.24,1,1
10/29/2020 9:30,7.1,77,3.6,1,1
10/29/2020 9:45,7.1,77,6.12,1,1
10/29/2020 10:00,7,77,3.96,1,1
10/29/2020 10:15,6.7,78,8.64,1,1
10/29/2020 10:30,6.3,79,7.2,1,1
10/29/2020 10:45,5.8,80,7.2,1,1
10/29/2020 11:00,5.4,82,7.2,1,1
10/29/2020 11:15,5.2,85,5.76,1,1
10/29/2020 11:30,5,86,5.4,1,1
10/29/2020 11:45,4.9,87,5.4,1,1
10/29/2020 12:00,4.7,87,4.32,1,1
10/29/2020 12:15,4.6,86,5.4,1,1
10/29/2020 12:30,4.5,86,6.48,1,1
10/29/2020 12:45,4.5,86,5.76,1,0
10/29/2020 13:00,4.6,85,4.32,0,0
10/29/2020 13:15,4.6,85,5.76,0,0
10/29/2020 13:30,4.7,85,5.4,0,0
10/29/2020 13:45,4.7,85,6.12,0,0
10/29/2020 14:00,4.7,85,3.6,0,0
10/29/2020 14:15,4.6,85,5.4,0,0
10/29/2020 14:30,4.6,85,3.96,0,1
10/29/2020 14:45,4.6,84,3.24,1,1
10/29/2020 15:00,4.6,83,9,1,1
10/29/2020 15:15,4.7,83,3.24,1,1
10/29/2020 15:30,4.9,82,6.84,1,1
10/29/2020 15:45,5.1,82,8.64,1,1
10/29/2020 16:00,5.3,82,2.52,1,1
10/29/2020 16:15,5.6,82,11.16,1,1
10/29/2020 16:30,5.9,84,4.68,1,1
10/29/2020 16:45,6,85,13.68,1,1
10/29/2020 17:00,6.2,86,7.2,1,1
10/29/2020 17:15,6.4,86,10.44,1,1
10/29/2020 17:30,6.7,86,10.8,1,1
10/29/2020 17:45,6.5,84,11.88,1,0
10/29/2020 18:00,6.8,85,9,0,0
10/29/2020 18:15,7.7,82,12.96,0,0
10/29/2020 18:30,7.7,80,11.16,0,0
10/29/2020 18:45,7.6,78,10.44,0,0
10/29/2020 19:00,8,76,12.6,0,0
10/29/2020 19:15,8.9,71,11.16,0,0
10/29/2020 19:30,11.5,61,11.52,0,0
10/29/2020 19:45,11.4,55,21.6,0,0
10/29/2020 20:00,13.2,51,11.88,0,0
10/29/2020 20:15,13.1,51,12.24,0,0
10/29/2020 20:30,11.4,53,12.6,0,0
10/29/2020 20:45,10.9,55,15.12,0,0
10/29/2020 21:00,11.3,52,16.92,0,0
10/29/2020 21:15,11.9,52,15.12,0,0
10/29/2020 21:30,11.9,51,11.52,0,0
10/29/2020 21:45,10.8,54,6.48,0,0
10/29/2020 22:00,10.6,52,11.88,0,0
10/29/2020 22:15,8.8,60,9.36,0,0
10/29/2020 22:30,8.5,62,10.08,0,0
10/29/2020 22:45,8.8,61,10.8,0,0
10/29/2020 23:00,8.5,61,7.92,0,0
10/29/2020 23:15,7.2,65,5.04,0,0
10/29/2020 23:30,6.4,71,0,0,0
10/29/2020 23:45,5.7,74,0,0,0
10/30/2020 0:00,5.4,76,2.16,0,0
10/30/2020 0:15,4.9,77,0,0,0
10/30/2020 0:30,4.6,79,0,0,0
10/30/2020 0:45,4.4,80,0,0,0
10/30/2020 1:00,4.3,81,0,0,0
10/30/2020 1:15,4.2,81,0,0,0
10/30/2020 1:45,3.4,82,0,0,0
10/30/2020 2:00,3.3,83,0,0,0
10/30/2020 2:15,3,83,0,0,0
10/30/2020 2:30,2.8,85,0,0,0
10/30/2020 2:45,2.8,85,0,0,0
10/30/2020 3:00,2.7,86,0,0,0
10/30/2020 3:15,2.8,87,0,0,0
10/30/2020 3:30,2.6,87,0,0,0
10/30/2020 3:45,2.7,87,0,0,0
10/30/2020 4:00,2.7,87,0,0,0
10/30/2020 4:15,2.6,87,0,0,0
10/30/2020 4:30,2.4,87,0,0,0
10/30/2020 4:45,2.6,87,0,0,0
10/30/2020 5:00,2.3,87,0,0,0
10/30/2020 5:15,2.6,87,0,0,0
10/30/2020 5:30,2.3,87,0,0,0
10/30/2020 5:45,2.1,87,0,0,0
10/30/2020 6:00,1.8,87,0,0,0
10/30/2020 6:15,1.1,87,0,0,0
10/30/2020 6:30,1.3,88,0,0,0
10/30/2020 6:45,1.4,88,0,0,0
10/30/2020 7:00,0.6,88,0,0,0
10/30/2020 7:15,0.2,89,0,0,0
10/30/2020 7:45,0.3,89,0,0,0
10/30/2020 8:00,0.1,90,0,0,0
10/30/2020 8:30,0.1,89,0,0,0
10/30/2020 8:45,0.8,89,0,0,0
10/30/2020 9:00,0.5,90,0,0,0
10/30/2020 9:15,0.6,90,0,0,0
10/30/2020 9:30,0.7,90,0,0,0
10/30/2020 9:45,0.9,89,0,0,0
10/30/2020 10:00,1.2,90,0,0,0
10/30/2020 10:15,1,90,0,0,0
10/30/2020 10:30,1,90,0,0,0
10/30/2020 10:45,1,90,0,0,0
10/30/2020 11:00,1.3,89,0,0,0
10/30/2020 11:15,0.9,88,0,0,0
10/30/2020 11:30,0.9,88,0,0,0
10/30/2020 11:45,0.8,88,0,0,0
10/30/2020 12:00,1,88,0,0,0
10/30/2020 12:15,0.9,88,0,0,0
10/30/2020 12:30,1.1,88,0,0,0
10/30/2020 12:45,0.9,88,0,0,0
10/30/2020 13:00,0.6,87,0,0,0
10/30/2020 13:15,0.1,87,0,0,0
10/30/2020 13:30,0.5,86,0,0,0
10/30/2020 13:45,1,84,8.64,0,0
10/30/2020 14:00,1.7,84,8.64,0,0
10/30/2020 14:15,2.7,84,7.56,0,0
10/30/2020 14:30,4,85,10.08,0,0
10/30/2020 14:45,5.6,83,8.64,0,0
10/30/2020 15:00,6.7,75,20.16,0,0
10/30/2020 15:15,7.7,69,21.96,0,0
10/30/2020 15:30,8.9,65,15.48,0,0
10/30/2020 15:45,10.1,61,8.64,0,0
10/30/2020 16:00,10.4,54,16.92,0,0
10/30/2020 16:15,11.5,55,11.52,0,0
10/30/2020 16:30,11.9,51,14.76,0,0
10/30/2020 16:45,12.6,49,15.84,0,0
10/30/2020 17:00,13.2,47,14.04,0,0
10/30/2020 17:15,14.3,47,11.52,0,0
10/30/2020 17:30,14.8,45,14.4,0,0
10/30/2020 17:45,15.3,43,12.6,0,0
10/30/2020 18:00,16.2,43,5.4,0,0
10/30/2020 18:15,16.4,40,9,0,0
10/30/2020 18:30,17.3,40,9,0,0
10/30/2020 18:45,18.2,39,7.92,0,0
10/30/2020 19:00,19.4,38,6.48,0,0
10/30/2020 19:15,19.7,37,5.04,0,0
10/30/2020 19:30,20,36,7.2,0,0
10/30/2020 19:45,20.9,35,8.64,0,0
10/30/2020 20:00,21.6,34,6.12,0,0
10/30/2020 20:15,21,34,14.4,0,0
10/30/2020 20:30,21.3,33,5.76,0,0
10/30/2020 20:45,20.3,35,9,0,0
10/30/2020 21:00,19.7,35,11.88,0,0
10/30/2020 21:15,20.5,35,3.6,0,0
10/30/2020 21:30,20.4,34,10.08,0,0
10/30/2020 21:45,20.2,34,4.32,0,0
10/30/2020 22:00,19.5,35,6.48,0,0
10/30/2020 22:15,19,35,6.12,0,0
10/30/2020 22:30,18.2,37,6.48,0,0
10/30/2020 22:45,17.8,38,1.8,0,0
10/30/2020 23:00,16.5,40,0,0,0
10/30/2020 23:15,14.8,44,0,0,0
10/30/2020 23:30,13.7,47,0,0,0
10/30/2020 23:45,12.1,50,0,0,0
10/31/2020 0:00,11,53,0,0,0
10/31/2020 0:15,10.7,56,0,0,0
10/31/2020 0:30,9.9,60,0,0,0
10/31/2020 0:45,10.1,65,6.12,0,0
10/31/2020 1:00,10.9,63,0,0,0
10/31/2020 1:15,10.4,64,5.76,0,0
10/31/2020 1:30,10,66,6.12,0,0
10/31/2020 1:45,9.6,67,0,0,0
10/31/2020 2:00,8.2,70,0,0,0
10/31/2020 2:15,9.1,72,7.2,0,0
10/31/2020 2:30,9.2,71,0,0,0
10/31/2020 2:45,8.7,72,2.52,0,0
10/31/2020 3:00,8.3,74,5.04,0,0
10/31/2020 3:15,8,75,0,0,0
10/31/2020 3:30,7.9,79,0,0,0
10/31/2020 3:45,7.4,79,1.8,0,0
10/31/2020 4:00,7.5,79,2.52,0,0
10/31/2020 4:15,7.8,80,0,0,0
10/31/2020 4:30,7,77,0,0,0
10/31/2020 4:45,6,78,0,0,0
10/31/2020 5:00,6.1,81,0,0,0
10/31/2020 5:15,6.6,84,0,0,0
10/31/2020 5:30,7.7,79,7.2,0,0
10/31/2020 5:45,7.5,77,5.4,0,0
10/31/2020 6:00,7.6,76,7.2,0,0
10/31/2020 6:15,7.5,76,3.6,0,0
10/31/2020 6:30,7.3,77,5.04,0,0
10/31/2020 6:45,7.2,79,8.64,0,0
10/31/2020 7:00,7.2,80,0,0,0
10/31/2020 7:15,6.9,81,0,0,0
10/31/2020 7:30,6.8,82,0,0,0
10/31/2020 7:45,6.7,82,7.56,0,0
10/31/2020 8:00,7.3,82,11.88,0,0
10/31/2020 8:15,7.3,82,0,0,0
10/31/2020 8:30,7,82,9.36,0,0
10/31/2020 8:45,6.6,84,11.52,0,0
10/31/2020 9:00,6.4,85,9.72,0,0
10/31/2020 9:15,6.1,85,11.16,0,0
10/31/2020 9:30,6.3,86,11.88,0,0
10/31/2020 9:45,6.8,85,12.96,0,0
10/31/2020 10:00,7.1,83,12.24,0,0
10/31/2020 10:15,7.1,83,14.4,0,0
10/31/2020 10:30,6.8,84,10.44,0,0
10/31/2020 10:45,6.9,84,12.24,0,0
10/31/2020 11:00,6.5,84,11.16,0,0
10/31/2020 11:15,6.5,84,10.08,0,0
10/31/2020 11:30,6.3,85,11.16,0,0
10/31/2020 11:45,5.9,86,10.08,0,0
10/31/2020 12:00,5.6,86,10.8,0,0
10/31/2020 12:15,5.3,86,10.44,0,0
10/31/2020 12:30,5.2,86,11.16,0,0
10/31/2020 12:47,5.4,86,10.8,0,0
10/31/2020 13:00,5.8,86,10.08,0,0
10/31/2020 13:15,6.3,85,11.88,0,0
10/31/2020 13:30,7,83,12.24,0,0
10/31/2020 13:45,7.9,81,11.88,0,0
10/31/2020 14:00,8.5,78,12.96,0,0
10/31/2020 14:15,9.5,74,15.84,0,0
10/31/2020 14:30,10.6,69,20.16,0,0
10/31/2020 14:45,11.3,63,19.8,0,0
10/31/2020 15:00,12.5,58,23.04,0,0
10/31/2020 15:15,13.7,51,26.28,0,0
10/31/2020 15:30,14.2,48,19.44,0,0
10/31/2020 15:45,14.7,46,21.6,0,0
10/31/2020 16:00,15,44,21.24,0,0
10/31/2020 16:15,15,45,20.16,0,0
10/31/2020 16:30,15.4,44,21.6,0,0
10/31/2020 16:45,17.3,41,29.16,0,0
10/31/2020 17:00,17.4,40,16.2,0,0
10/31/2020 17:15,17.2,40,20.16,0,0
10/31/2020 17:30,17.9,40,12.6,0,0
10/31/2020 17:45,18.4,38,13.68,0,0
10/31/2020 18:00,17,39,27.36,0,0
10/31/2020 18:15,18.9,38,23.04,0,0
10/31/2020 18:30,19.9,37,19.44,0,0
10/31/2020 18:45,19.8,36,18,0,0
10/31/2020 19:00,20.3,35,13.68,0,0
10/31/2020 19:15,18.8,35,0,0,0
10/31/2020 19:30,18.6,36,23.04,0,0
10/31/2020 19:45,18.5,36,18.36,0,0
10/31/2020 20:00,18.4,36,11.16,0,0
10/31/2020 20:15,18,35,17.64,0,0
10/31/2020 20:30,18,35,14.04,0,0
10/31/2020 20:45,18,36,10.08,0,0
10/31/2020 21:00,17.9,37,16.2,0,0
10/31/2020 21:15,18,37,16.2,0,0
10/31/2020 21:30,19.8,34,7.56,0,0
10/31/2020 21:45,20.8,32,7.92,0,0
10/31/2020 22:00,20.7,30,11.16,0,0
10/31/2020 22:15,20,27,18.36,0,0
10/31/2020 22:30,19.1,29,12.6,0,0
10/31/2020 22:45,18.5,30,10.8,0,0
10/31/2020 23:00,17.1,33,7.56,0,0
10/31/2020 23:15,15.5,34,3.6,0,0
10/31/2020 23:30,14.5,35,1.44,0,0
10/31/2020 23:45,13.5,36,0,0,0
11/1/2020 0:00,12.9,38,4.32,0,0
11/1/2020 0:15,12.9,38,5.04,0,0
11/1/2020 0:30,12.3,39,3.6,0,0
11/1/2020 0:45,12.1,39,0,0,0
11/1/2020 1:00,11.9,40,0,0,0
11/1/2020 1:15,12.1,41,2.52,0,0
11/1/2020 1:30,12.1,43,1.8,0,0
11/1/2020 1:45,12,45,3.6,0,0
11/1/2020 2:00,11.9,46,4.68,0,0
11/1/2020 2:15,11.9,48,1.44,0,0
11/1/2020 2:30,11.7,48,1.44,0,0
11/1/2020 2:45,11.2,49,1.44,0,0
11/1/2020 3:00,10.8,51,0,0,0
11/1/2020 3:15,10.9,54,2.16,0,0
11/1/2020 3:30,10.9,55,3.6,0,0
11/1/2020 3:45,10.8,56,3.96,0,0
11/1/2020 4:00,10.3,59,5.4,0,0
11/1/2020 4:15,10.2,61,5.4,0,0
11/1/2020 4:30,10,64,3.96,0,0
11/1/2020 4:45,10,66,5.4,0,0
11/1/2020 5:00,9.9,68,6.48,0,0
11/1/2020 5:15,9.9,70,5.4,0,0
11/1/2020 5:30,9.7,71,7.56,0,0
11/1/2020 5:45,9.5,73,6.12,0,0
11/1/2020 6:00,9.3,73,6.48,0,0
11/1/2020 6:15,9.3,72,7.2,0,0
11/1/2020 6:30,10.1,65,9,0,0
11/1/2020 6:45,11.3,55,9,0,0
11/1/2020 7:00,11.7,51,9,0,0
11/1/2020 7:15,11.7,50,9,0,0
11/1/2020 7:30,11.3,49,9,0,0
11/1/2020 7:45,10.5,50,0,0,0
11/1/2020 8:00,9.8,52,0,0,0
11/1/2020 8:15,9.3,53,0,0,0
11/1/2020 8:30,8.5,56,0,0,0
11/1/2020 8:45,7.7,65,0,0,0
11/1/2020 9:00,7.3,67,0,0,0
11/1/2020 9:15,7.7,62,0,0,0
11/1/2020 9:30,8.2,56,0,0,0
11/1/2020 9:45,7.5,60,0,0,0
11/1/2020 10:00,7.7,57,0,0,0
11/1/2020 10:15,7.7,53,0,0,0
11/1/2020 10:30,6.8,59,0,0,0
11/1/2020 10:45,6.3,64,0,0,0
11/1/2020 11:00,6.1,66,7.2,0,0
11/1/2020 11:15,6.4,58,0,0,0
11/1/2020 11:30,5.9,62,0,0,0
11/1/2020 11:45,5.6,59,0,0,0
11/1/2020 12:00,5.5,59,0,0,0
11/1/2020 12:15,5.2,61,0,0,0
11/1/2020 12:30,4.8,63,0,0,0
11/1/2020 12:45,5.3,58,7.92,0,0
11/1/2020 13:00,5.2,57,0,0,0
11/1/2020 13:15,5.3,57,0,0,0
11/1/2020 13:30,5.6,55,0,0,0
11/1/2020 13:45,6.1,51,0,0,0
11/1/2020 14:00,6.6,49,0,0,0
11/1/2020 14:15,7.3,47,9.36,0,0
11/1/2020 14:30,8.1,44,12.24,0,0
11/1/2020 14:45,8.6,42,12.6,0,0
11/1/2020 15:00,9.2,40,14.04,0,0
11/1/2020 15:15,9.9,38,16.56,0,0
11/1/2020 15:30,10.7,37,10.08,0,0
11/1/2020 15:45,11.5,37,7.2,0,0
11/1/2020 16:00,11.4,36,17.64,0,0
11/1/2020 16:15,11.5,34,19.08,0,0
11/1/2020 16:30,12,34,12.96,0,0
11/1/2020 16:45,12.4,33,14.04,0,0
11/1/2020 17:00,12.5,30,12.6,0,0
11/1/2020 17:15,13,28,10.8,0,0
11/1/2020 17:30,13,27,15.12,0,0
11/1/2020 17:45,13.6,26,9,0,0
11/1/2020 18:00,14.5,27,5.04,0,0
11/1/2020 18:15,13.7,27,10.8,0,0
11/1/2020 18:30,14.4,25,9.72,0,0
11/1/2020 18:45,14.5,17,14.4,0,0
11/1/2020 19:00,14.7,9,12.6,0,0
11/1/2020 19:15,15.9,6,5.04,0,0
11/1/2020 19:30,15.9,6,4.68,0,0
11/1/2020 19:45,15.9,6,13.68,0,0
11/1/2020 20:00,17.6,5,10.08,0,0
11/1/2020 20:15,16.3,5,11.16,0,0
11/1/2020 20:30,15.4,6,14.4,0,0
11/1/2020 20:45,15.9,6,8.64,0,0
11/1/2020 21:00,15.5,6,10.44,0,0
11/1/2020 21:15,14.9,6,10.44,0,0
11/1/2020 21:30,16.1,5,6.84,0,0
11/1/2020 21:45,14.9,6,6.84,0,0
11/1/2020 22:00,15.3,6,6.84,0,0
11/1/2020 22:15,14.2,6,6.84,0,0
11/1/2020 22:30,13.4,6,3.6,0,0
11/1/2020 22:45,12.4,7,3.6,0,0
11/1/2020 23:00,11.5,13,3.6,0,0
11/1/2020 23:15,9.6,19,3.6,0,0
11/1/2020 23:30,8.4,27,3.6,0,0
11/1/2020 23:45,7.7,29,3.6,0,0
11/2/2020 0:00,6.9,31,3.6,0,0
11/2/2020 0:15,6,33,3.6,0,0
11/2/2020 0:30,5.6,35,3.6,0,0
11/2/2020 0:45,4.8,37,3.6,0,0
11/2/2020 1:00,4.1,39,3.6,0,0
11/2/2020 1:15,3.7,39,3.6,0,0
11/2/2020 1:30,3.6,41,3.6,0,0
11/2/2020 1:45,2.7,47,3.6,0,0
11/2/2020 2:00,2,50,3.6,0,0
11/2/2020 2:15,2.2,50,3.6,0,0
11/2/2020 2:30,1.5,52,3.6,0,0
11/2/2020 2:45,1.3,53,3.6,0,0
11/2/2020 3:00,1,55,3.6,0,0
11/2/2020 3:15,0.7,56,3.6,0,0
11/2/2020 3:30,0.6,57,3.6,0,0
11/2/2020 3:45,0.3,60,3.6,0,0
11/2/2020 4:00,0.4,59,3.6,0,0
11/2/2020 4:30,0.2,60,3.6,0,0
11/2/2020 4:45,0.3,65,3.6,0,0
11/2/2020 5:00,0.7,69,3.6,0,0
11/2/2020 5:15,1.2,69,3.6,0,0
11/2/2020 5:30,1.1,70,3.6,0,0
11/2/2020 5:45,1.3,69,3.6,0,0
11/2/2020 6:00,1.5,70,3.6,0,0
11/2/2020 6:15,1.4,72,3.6,0,0
11/2/2020 6:30,1.1,72,3.6,0,0
11/2/2020 6:45,1.3,74,3.6,0,0
11/2/2020 7:00,0.9,73,3.6,0,0
11/2/2020 7:15,1.1,71,3.6,0,0
11/2/2020 7:30,1.3,72,3.6,0,0
11/2/2020 7:45,1.3,72,3.6,0,0
11/2/2020 8:00,1.4,74,3.6,0,0
11/2/2020 8:15,1.3,72,3.6,0,0
11/2/2020 8:30,1.6,73,3.6,0,0
11/2/2020 8:45,1.8,75,3.6,0,0
11/2/2020 9:00,1.4,79,3.6,0,0
11/2/2020 9:15,1.3,76,3.6,0,0
11/2/2020 9:30,1.3,73,3.6,0,0
11/2/2020 9:45,1.5,72,3.6,0,0
11/2/2020 10:00,1.6,72,3.6,0,0
11/2/2020 10:15,2.2,73,3.6,0,0
11/2/2020 10:30,2.4,80,3.6,0,0
11/2/2020 10:45,2.4,81,3.6,0,0
11/2/2020 11:00,2.3,81,3.6,0,0
11/2/2020 11:15,1.8,77,3.6,0,0
11/2/2020 11:30,1.9,74,3.6,0,0
11/2/2020 11:45,1.8,74,3.6,0,0
11/2/2020 12:00,1.2,72,3.6,0,0
11/2/2020 12:15,1.1,70,3.6,0,0
11/2/2020 12:45,1,71,0,0,0
11/2/2020 13:00,0.6,69,0,0,0
11/2/2020 13:15,0.2,68,7.56,0,0
11/2/2020 13:30,0.4,66,7.56,0,0
11/2/2020 13:45,1,66,7.56,0,0
11/2/2020 14:00,1.8,62,7.56,0,0
11/2/2020 14:15,3.2,57,7.56,0,0
11/2/2020 14:30,4.7,52,12.96,0,0
11/2/2020 14:45,6.5,50,11.16,0,0
11/2/2020 15:00,7.7,45,19.08,0,0
11/2/2020 15:15,9,41,18,0,0
11/2/2020 15:30,10,39,22.32,0,0
11/2/2020 15:45,11.1,38,19.08,0,0
11/2/2020 16:00,12.6,38,13.68,0,0
11/2/2020 16:15,13.3,35,17.28,0,0
11/2/2020 16:30,13.9,33,15.48,0,0
11/2/2020 16:45,14.6,33,11.88,0,0
11/2/2020 17:00,15.4,28,8.64,0,0
11/2/2020 17:15,15.7,25,15.12,0,0
11/2/2020 17:30,16.1,26,19.44,0,0
11/2/2020 17:45,16.6,25,13.68,0,0
11/2/2020 18:00,17.5,16,7.56,0,0
11/2/2020 18:15,18,23,10.08,0,0
11/2/2020 18:30,18.6,15,10.8,0,0
11/2/2020 18:45,18.5,10,17.28,0,0
11/2/2020 19:00,20.3,4,6.12,0,0
11/2/2020 19:15,20.6,4,8.64,0,0
11/2/2020 19:30,20.2,5,6.12,0,0
11/2/2020 20:00,21.7,4,8.64,0,0
11/2/2020 20:15,21.4,3,9.36,0,0
11/2/2020 20:30,21.9,3,10.08,0,0
11/2/2020 20:45,21.8,4,6.48,0,0
11/2/2020 21:00,21.2,3,9.36,0,0
11/2/2020 21:15,21.1,3,9.36,0,0
11/2/2020 21:30,21.3,3,9.36,0,0
11/2/2020 21:45,21.1,3,6.48,0,0
11/2/2020 22:00,20.7,4,6.48,0,0
11/2/2020 22:15,20.4,4,7.56,0,0
11/2/2020 22:30,20,4,6.48,0,0
11/2/2020 22:45,19.1,4,5.76,0,0
11/2/2020 23:00,17.7,11,2.52,0,0
11/2/2020 23:15,16.1,19,1.44,0,0
11/2/2020 23:30,14.8,25,0,0,0
11/2/2020 23:45,13.9,27,2.52,0,0
11/3/2020 0:00,13.6,28,1.8,0,0
11/3/2020 0:15,13.3,28,1.8,0,0
11/3/2020 0:30,13,29,2.52,0,0
11/3/2020 0:45,13.1,29,3.96,0,0
11/3/2020 1:00,12.9,30,3.96,0,0
11/3/2020 1:15,12.5,30,2.16,0,0
11/3/2020 1:30,12.3,31,4.32,0,0
11/3/2020 1:45,12,32,5.76,0,0
11/3/2020 2:00,11.7,33,4.32,0,0
11/3/2020 2:15,11.2,35,4.68,0,0
11/3/2020 2:30,10.9,36,3.6,0,0
11/3/2020 2:45,10.6,37,0,0,0
11/3/2020 3:00,9.7,38,5.76,0,0
11/3/2020 3:15,9.7,39,5.4,0,0
11/3/2020 3:30,9.9,39,5.04,0,0
11/3/2020 3:45,9.7,40,6.84,0,0
11/3/2020 4:00,9,42,5.4,0,0
11/3/2020 4:15,8.5,45,1.8,0,0
11/3/2020 4:30,8.4,47,2.52,0,0
11/3/2020 4:45,8.3,47,3.6,0,0
11/3/2020 5:00,8.1,48,3.96,0,0
11/3/2020 5:15,8.2,48,3.96,0,0
11/3/2020 5:30,7.9,49,0,0,0
11/3/2020 5:45,7.8,50,1.44,0,0
11/3/2020 6:00,8.2,50,4.32,0,0
11/3/2020 6:15,8,49,5.76,0,0
11/3/2020 6:30,7.3,49,0,0,0
11/3/2020 6:45,6.8,51,0,0,0
11/3/2020 7:00,5.9,54,0,0,0
11/3/2020 7:30,5.6,63,0,0,0
11/3/2020 7:45,6,59,0,0,0
11/3/2020 8:00,5.7,58,0,0,0
11/3/2020 8:15,5.1,57,0,0,0
11/3/2020 8:30,5.6,62,1.8,0,0
11/3/2020 8:45,5.4,62,0,0,0
11/3/2020 9:00,5.2,62,0,0,0
11/3/2020 9:15,5.1,64,2.16,0,0
11/3/2020 9:30,4.8,64,0,0,0
11/3/2020 9:45,5,63,0,0,0
11/3/2020 10:00,5.2,66,5.4,0,0
11/3/2020 10:15,5.1,66,5.4,0,0
11/3/2020 10:30,5.7,65,5.04,0,0
11/3/2020 10:45,5.9,65,5.04,0,0
11/3/2020 11:00,6,63,5.04,0,0
11/3/2020 11:15,6.1,63,1.8,0,0
11/3/2020 11:30,6.1,63,4.68,0,0
11/3/2020 11:45,6.2,64,6.48,0,0
11/3/2020 12:00,6.4,64,6.48,0,0
11/3/2020 12:15,6.3,64,3.6,0,0
11/3/2020 12:30,6,65,3.96,0,0
11/3/2020 12:45,6.1,67,1.44,0,0
11/3/2020 13:00,6.4,67,8.64,0,0
11/3/2020 13:15,6.8,66,7.92,0,0
11/3/2020 13:30,7.4,65,7.56,0,0
11/3/2020 13:45,8.2,63,7.56,0,0
11/3/2020 14:00,8.9,61,9.72,0,0
11/3/2020 14:15,10.2,59,9.36,0,0
11/3/2020 14:30,12,53,7.92,0,0
11/3/2020 14:45,13.2,50,10.08,0,0
11/3/2020 15:00,14.5,48,10.08,0,0
11/3/2020 15:15,15.9,46,9,0,0
11/3/2020 15:30,17.5,44,9,0,0
11/3/2020 15:45,18.8,43,7.56,0,0
11/3/2020 16:00,19.7,39,6.12,0,0
11/3/2020 16:15,20.8,37,4.32,0,0
11/3/2020 16:30,21.7,36,14.76,0,0
11/3/2020 16:45,22,35,6.12,0,0
11/3/2020 17:00,22.6,34,7.92,0,0
11/3/2020 17:15,23.1,33,8.64,0,0
11/3/2020 17:30,23.6,33,9,0,0
11/3/2020 17:45,24.4,32,7.56,0,0
11/3/2020 18:00,24.7,31,4.68,0,0
11/3/2020 18:15,25.1,31,5.76,0,0
11/3/2020 18:30,25.3,31,9.72,0,0
11/3/2020 18:45,25.8,30,6.84,0,0
11/3/2020 19:00,26.8,30,9.72,0,0
11/3/2020 19:15,26.7,26,8.64,0,0
11/3/2020 19:30,26.7,26,9.36,0,0
11/3/2020 19:45,27.3,26,6.48,0,0
11/3/2020 20:00,28.1,24,6.84,0,0
11/3/2020 20:15,27.6,25,7.2,0,0
11/3/2020 20:30,29,24,13.68,0,0
11/3/2020 20:45,27.1,24,7.2,0,0
11/3/2020 21:00,27.2,24,9.36,0,0
11/3/2020 21:15,26.8,24,11.16,0,0
11/3/2020 21:30,27.1,24,6.84,0,0
11/3/2020 21:45,26.5,24,6.48,0,0
11/3/2020 22:00,25.4,25,8.64,0,0
11/3/2020 22:15,24.9,26,9.72,0,0
11/3/2020 22:30,23,28,8.64,0,0
11/3/2020 22:45,22.7,31,5.76,0,0
11/3/2020 23:00,21.4,32,7.2,0,0
11/3/2020 23:15,19.9,34,5.4,0,0
11/3/2020 23:30,18.7,35,5.04,0,0
11/3/2020 23:45,18,37,4.68,0,0
11/4/2020 0:00,17.5,38,7.2,0,0
11/4/2020 0:15,17.2,38,6.84,0,0
11/4/2020 0:30,16.9,39,7.56,0,0
11/4/2020 0:45,16.3,40,6.84,0,0
11/4/2020 1:00,15.8,41,6.84,0,0
11/4/2020 1:15,15.5,43,5.4,0,0
11/4/2020 1:30,15.1,44,6.48,0,0
11/4/2020 1:45,14.9,44,7.92,0,0
11/4/2020 2:00,14.8,44,9.36,0,0
11/4/2020 2:15,14.4,44,5.76,0,0
11/4/2020 2:30,14.4,43,6.12,0,0
11/4/2020 2:45,14.4,44,6.48,0,0
11/4/2020 3:00,14.3,44,6.84,0,0
11/4/2020 3:15,14.3,44,9,0,0
11/4/2020 3:30,14.2,44,9,0,0
11/4/2020 3:45,14.1,45,10.44,0,0
11/4/2020 4:00,13.9,46,11.16,0,0
11/4/2020 4:15,13.7,47,10.44,0,0
11/4/2020 4:30,13.6,47,12.24,0,0
11/4/2020 4:45,13.3,48,11.16,0,0
11/4/2020 5:00,13.6,48,12.6,0,0
11/4/2020 5:15,13.4,48,10.44,0,0
11/4/2020 5:30,13.2,49,9.36,0,0
11/4/2020 5:45,12.6,50,7.56,0,0
11/4/2020 6:00,12.5,51,0,0,0
11/4/2020 6:15,12.4,52,7.56,0,0
11/4/2020 6:30,12.1,53,7.2,0,0
11/4/2020 6:45,11.9,55,8.64,0,0
11/4/2020 7:00,11.7,57,7.56,0,0
11/4/2020 7:15,11.5,57,9,0,0
11/4/2020 7:30,11.5,59,9.36,0,0
11/4/2020 7:45,11.3,60,9.36,0,0
11/4/2020 8:00,11.2,60,10.8,0,0
11/4/2020 8:15,11.1,60,11.16,0,0
11/4/2020 8:30,11.2,61,11.88,0,0
11/4/2020 8:45,11.1,61,11.52,0,0
11/4/2020 9:00,10.9,62,10.08,0,0
11/4/2020 9:15,10.7,63,10.8,0,0
11/4/2020 9:30,10.4,64,7.56,0,0
11/4/2020 9:45,10.2,65,7.56,0,0
11/4/2020 10:00,10.3,65,9.36,0,0
11/4/2020 10:15,10.3,65,10.08,0,0
11/4/2020 10:30,10.2,65,10.8,0,0
11/4/2020 10:45,10.1,66,10.08,0,0
11/4/2020 11:00,10.1,66,10.8,0,0
11/4/2020 11:15,10.2,66,10.8,0,0
11/4/2020 11:30,10.2,66,11.88,0,0
11/4/2020 11:45,10.1,66,10.8,0,0
11/4/2020 12:00,10.2,66,12.6,0,0
11/4/2020 12:15,10.3,66,15.48,0,0
11/4/2020 12:30,10.3,65,14.04,0,0
11/4/2020 12:45,10.7,64,16.56,0,0
11/4/2020 13:00,10.8,64,14.76,0,0
11/4/2020 13:15,11,63,16.2,0,0
11/4/2020 13:30,11.2,62,16.92,0,0
11/4/2020 13:45,11.9,60,17.64,0,0
11/4/2020 14:00,12.5,58,16.92,0,0
11/4/2020 14:15,13.8,54,18.36,0,0
11/4/2020 14:30,15.2,50,19.44,0,0
11/4/2020 14:45,15.6,47,14.76,0,0
11/4/2020 15:00,17.3,45,14.04,0,0
11/4/2020 15:15,18.7,43,15.48,0,0
11/4/2020 15:30,19.9,40,15.84,0,0
11/4/2020 15:45,21.2,37,10.8,0,0
11/4/2020 16:00,22.4,35,6.12,0,0
11/4/2020 16:15,22.8,33,11.52,0,0
11/4/2020 16:30,23,32,9.72,0,0
11/4/2020 16:45,23.2,32,11.16,0,0
11/4/2020 17:00,23.3,32,16.2,0,0
11/4/2020 17:15,23.5,32,10.44,0,0
11/4/2020 17:30,24.3,31,9.72,0,0
11/4/2020 17:45,24.6,31,14.76,0,0
11/4/2020 18:00,24.2,31,17.28,0,0
11/4/2020 18:15,24.5,31,16.92,0,0
11/4/2020 18:30,24,31,19.44,0,0
11/4/2020 18:45,24,31,10.8,0,0
11/4/2020 19:00,26,28,9.36,0,0
11/4/2020 19:15,25.6,29,14.4,0,0
11/4/2020 19:30,26.1,25,9.72,0,0
11/4/2020 19:45,25.9,26,11.88,0,0
11/4/2020 20:00,26.6,24,15.12,0,0
11/4/2020 20:15,25.2,24,15.12,0,0
11/4/2020 20:30,24.9,25,10.8,0,0
11/4/2020 20:45,24.7,27,9.36,0,0
11/4/2020 21:00,23.9,27,14.76,0,0
11/4/2020 21:15,25.2,26,15.84,0,0
11/4/2020 21:30,23.5,25,7.56,0,0
11/4/2020 21:45,22.6,25,9.72,0,0
11/4/2020 22:00,22.3,26,9,0,0
11/4/2020 22:15,21.8,27,7.92,0,0
11/4/2020 22:30,21.6,29,6.48,0,0
11/4/2020 22:45,20.8,31,5.4,0,0
11/4/2020 23:00,20,31,9.36,0,0
11/4/2020 23:15,19.3,31,6.84,0,0
11/4/2020 23:30,18.6,32,4.68,0,0
11/4/2020 23:45,18.1,33,6.12,0,0
11/5/2020 0:00,17.2,34,4.32,0,0
11/5/2020 0:15,17.3,34,6.84,0,0
11/5/2020 0:30,17.1,34,8.64,0,0
11/5/2020 0:45,17,35,7.56,0,0
11/5/2020 1:00,17.1,34,10.8,0,0
11/5/2020 1:15,17.2,34,6.48,0,0
11/5/2020 1:30,17,34,7.2,0,0
11/5/2020 1:45,16.7,35,7.2,0,0
11/5/2020 2:00,16.5,34,6.48,0,0
11/5/2020 2:15,16.7,35,12.6,0,0
11/5/2020 2:30,16.5,35,9,0,0
11/5/2020 2:45,16.3,35,10.8,0,0
11/5/2020 3:00,16,36,10.44,0,0
11/5/2020 3:15,15.7,37,10.44,0,0
11/5/2020 3:30,15.3,38,7.92,0,0
11/5/2020 3:45,15.1,39,7.56,0,0
11/5/2020 4:00,15.2,40,7.56,0,0
11/5/2020 4:15,15,42,7.56,0,0
11/5/2020 4:30,14.7,44,6.12,0,0
11/5/2020 4:45,14.7,46,6.48,0,0
11/5/2020 5:00,14.6,47,6.48,0,0
11/5/2020 5:15,14.7,47,7.56,0,0
11/5/2020 5:30,14.5,48,6.12,0,0
11/5/2020 5:45,14.4,48,7.2,0,0
11/5/2020 6:00,14.2,49,9,0,0
11/5/2020 6:15,14.1,50,10.44,0,0
11/5/2020 6:30,14,50,9.36,0,0
11/5/2020 6:45,14,51,11.16,0,0
11/5/2020 7:00,13.9,52,9.36,0,0
11/5/2020 7:15,13.7,53,6.48,0,0
11/5/2020 7:30,13.6,53,9,0,0
11/5/2020 7:45,13.4,54,7.2,0,0
11/5/2020 8:00,13.3,55,7.2,0,0
11/5/2020 8:15,13,55,5.04,0,0
11/5/2020 8:30,12.7,57,6.12,0,0
11/5/2020 8:45,12.5,59,6.48,0,0
11/5/2020 9:00,12.3,60,7.92,0,0
11/5/2020 9:15,11.8,62,5.04,0,0
11/5/2020 9:30,11.5,63,4.32,0,0
11/5/2020 9:45,11.7,65,9.72,0,0
11/5/2020 10:00,11.8,65,8.64,0,0
11/5/2020 10:15,11.6,65,9.36,0,0
11/5/2020 10:30,11.3,66,5.04,0,0
11/5/2020 10:45,11.2,67,7.2,0,0
11/5/2020 11:00,11.1,68,5.76,0,0
11/5/2020 11:15,11.1,69,0,0,0
11/5/2020 11:30,11.2,69,9.36,0,0
11/5/2020 11:45,11.1,70,9,0,0
11/5/2020 12:00,11.1,70,8.64,0,0
11/5/2020 12:15,11,70,7.92,0,0
11/5/2020 12:30,11,71,9.36,0,0
11/5/2020 12:45,11,71,8.64,0,0
11/5/2020 13:00,11.3,71,7.92,0,0
11/5/2020 13:15,11.6,70,10.44,0,0
11/5/2020 13:30,12,69,9,0,0
11/5/2020 13:45,12.8,67,7.92,0,0
11/5/2020 14:00,13.8,64,9.36,0,0
11/5/2020 14:15,14.9,59,9.36,0,0
11/5/2020 14:30,16,54,9.36,0,0
11/5/2020 14:45,17,52,21.96,0,0
11/5/2020 15:00,18.1,50,14.76,0,0
11/5/2020 15:15,19.1,48,12.96,0,0
11/5/2020 15:30,19.7,47,18.36,0,0
11/5/2020 15:45,20.8,46,10.44,0,0
11/5/2020 16:00,22.2,45,5.4,0,0
11/5/2020 16:15,22.1,44,15.48,0,0
11/5/2020 16:30,22.4,44,11.52,0,0
11/5/2020 16:45,22.8,44,5.4,0,0
11/5/2020 17:00,23.6,43,5.04,0,0
11/5/2020 17:15,23.9,43,7.92,0,0
11/5/2020 17:30,24,43,6.84,0,0
11/5/2020 17:45,24.8,42,6.48,0,0
11/5/2020 18:00,25.1,41,6.48,0,0
11/5/2020 18:15,26,40,5.76,0,0
11/5/2020 18:30,25.7,41,5.04,0,0
11/5/2020 18:45,26.3,40,11.52,0,0
11/5/2020 19:00,26.3,40,16.2,0,0
11/5/2020 19:15,26.3,40,9.72,0,0
11/5/2020 19:30,27.5,38,5.04,0,0
11/5/2020 19:45,27.8,37,6.48,0,0
11/5/2020 20:00,27.8,37,10.8,0,0
11/5/2020 20:15,28.8,35,5.04,0,0
11/5/2020 20:30,28.8,35,5.4,0,0
11/5/2020 20:45,27.6,36,10.8,0,0
11/5/2020 21:00,27.1,37,11.52,0,0
11/5/2020 21:15,26.8,38,9.72,0,0
11/5/2020 21:30,26.9,38,4.32,0,0
11/5/2020 21:45,27.1,37,6.84,0,0
11/5/2020 22:00,25.6,40,7.56,0,0
11/5/2020 22:15,24.8,41,7.56,0,0
11/5/2020 22:30,24,41,9.36,0,0
11/5/2020 22:45,23.2,42,0,0,0
11/5/2020 23:00,22,44,6.12,0,0
11/5/2020 23:15,20.4,46,0,0,0
11/5/2020 23:30,19.2,49,0,0,0
11/5/2020 23:45,18,52,0,0,0
11/6/2020 0:00,17.7,56,0,0,0
11/6/2020 0:15,17.3,59,3.6,0,0
11/6/2020 0:30,16.8,61,0,0,0
11/6/2020 0:45,16.4,63,1.8,0,0
11/6/2020 1:00,15.9,68,0,0,0
11/6/2020 1:15,16.1,68,0,0,0
11/6/2020 1:30,16.1,68,0,0,0
11/6/2020 1:45,15.8,68,0,0,0
11/6/2020 2:00,15.8,69,0,0,0
11/6/2020 2:15,15.6,69,0,0,0
11/6/2020 2:30,15.5,69,0,0,0
11/6/2020 2:45,15.3,70,0,0,0
11/6/2020 3:00,15,70,0,0,0
11/6/2020 3:15,14.6,72,0,0,0
11/6/2020 3:30,13.9,73,3.24,0,0
11/6/2020 3:45,13.6,75,0,0,0
11/6/2020 4:00,13.7,78,1.44,0,0
11/6/2020 4:15,13.9,77,0,0,0
11/6/2020 4:30,13.8,78,4.68,0,0
11/6/2020 4:45,13.9,78,7.92,0,0
11/6/2020 5:00,13.9,78,7.92,0,0
11/6/2020 5:15,13.7,78,6.48,0,0
11/6/2020 5:30,13.6,78,7.56,0,0
11/6/2020 5:45,13.4,79,3.96,0,0
11/6/2020 6:00,13.3,80,3.6,0,0
11/6/2020 6:15,13.3,80,7.92,0,0
11/6/2020 6:30,13.2,80,9.36,0,0
11/6/2020 6:45,12.9,82,9.36,0,0
11/6/2020 7:00,12.8,82,6.48,0,0
11/6/2020 7:15,12.7,83,6.84,0,0
11/6/2020 7:30,12.5,83,7.56,0,0
11/6/2020 7:45,12.4,83,7.2,0,0
11/6/2020 8:00,12.3,84,5.76,0,0
11/6/2020 8:15,12.2,84,7.56,0,0
11/6/2020 8:30,12.2,84,9,0,0
11/6/2020 8:45,12.2,84,6.48,0,0
11/6/2020 9:00,12.1,84,6.84,0,0
11/6/2020 9:15,12,85,5.76,0,0
11/6/2020 9:30,11.7,85,0,0,0
11/6/2020 9:45,11.5,85,5.4,0,0
11/6/2020 10:00,11.1,85,5.4,0,0
11/6/2020 10:15,11.2,84,6.12,0,0
11/6/2020 10:30,11.2,83,5.76,0,0
11/6/2020 10:45,11,84,4.68,0,0
11/6/2020 11:00,10.9,85,0,0,0
11/6/2020 11:15,10.4,85,0,0,0
11/6/2020 11:30,10.1,85,0,0,0
11/6/2020 11:45,10,85,2.52,0,0
11/6/2020 12:00,10.2,83,5.4,0,0
11/6/2020 12:15,10.3,80,5.4,0,0
11/6/2020 12:30,10.5,79,0,0,0
11/6/2020 12:45,10.6,80,4.32,0,0
11/6/2020 13:00,10.6,81,4.32,0,0
11/6/2020 13:15,10.7,81,4.68,0,0
11/6/2020 13:30,11.2,80,3.96,0,0
11/6/2020 13:45,12,79,3.96,0,0
11/6/2020 14:00,12.9,79,3.96,0,0
11/6/2020 14:15,13.8,83,3.96,0,0
11/6/2020 14:30,15.1,83,3.96,0,0
11/6/2020 14:45,16.2,81,14.4,0,0
11/6/2020 15:00,17.4,78,12.24,0,0
11/6/2020 15:15,18.7,73,12.24,0,0
11/6/2020 15:30,19.7,69,8.64,0,0
11/6/2020 15:45,20.7,64,10.08,0,0
11/6/2020 16:00,21.5,62,10.44,0,0
11/6/2020 16:15,22.1,60,7.92,0,0
11/6/2020 16:30,22.5,57,9.72,0,0
11/6/2020 16:45,23.5,57,6.48,0,0
11/6/2020 17:00,23.5,57,7.92,0,0
11/6/2020 17:15,24,53,7.56,0,0
11/6/2020 17:30,23.9,52,13.68,0,0
11/6/2020 17:45,23.7,52,12.24,0,0
11/6/2020 18:00,24.1,50,12.24,0,0
11/6/2020 18:15,24.4,49,12.24,0,0
11/6/2020 18:30,24.1,47,11.88,0,0
11/6/2020 18:45,25.1,47,19.08,0,0
11/6/2020 19:00,26,44,12.6,0,0
11/6/2020 19:15,25.2,45,12.6,0,0
11/6/2020 19:30,26.1,42,7.56,0,0
11/6/2020 19:54,26.1,42,12.24,0,0
11/6/2020 20:09,27.1,41,6.12,0,0
11/6/2020 20:24,25.8,41,18,0,0
11/6/2020 20:34,26.4,41,3.96,0,0
11/6/2020 20:48,25.8,41,9.36,0,0
11/6/2020 21:03,27.3,39,1.8,0,0
11/6/2020 21:17,25,39,14.04,0,0
11/6/2020 21:31,24.8,40,12.6,0,0
11/6/2020 21:45,25,39,9.72,0,0
11/6/2020 22:00,24.7,39,9.36,0,0
11/6/2020 22:15,23.9,38,7.2,0,0
11/6/2020 22:30,22.9,38,10.08,0,0
11/6/2020 22:45,22.1,39,5.4,0,0
11/6/2020 23:00,20.7,41,4.68,0,0
11/6/2020 23:15,19.5,42,5.76,0,0
11/6/2020 23:30,18.9,43,7.2,0,0
11/6/2020 23:45,16.9,46,0,0,0
11/7/2020 0:00,16.7,48,0,0,0
11/7/2020 0:15,15.9,51,0,0,0
11/7/2020 0:30,15.7,53,2.52,0,0
11/7/2020 0:45,15.7,53,5.76,0,0
11/7/2020 1:00,15.2,53,1.44,0,0
11/7/2020 1:15,14.4,55,0,0,0
11/7/2020 1:30,13.6,58,0,0,0
11/7/2020 1:45,13.7,62,1.44,0,0
11/7/2020 2:00,13.9,64,0,0,0
11/7/2020 2:15,14.2,64,3.24,0,0
11/7/2020 2:30,14.5,64,10.44,0,0
11/7/2020 2:45,14.5,63,9,0,0
11/7/2020 3:00,14.4,62,8.64,0,0
11/7/2020 3:15,14.5,61,11.16,0,0
11/7/2020 3:30,14.6,59,11.16,0,0
11/7/2020 3:45,14.5,59,7.56,0,0
11/7/2020 4:00,14.3,59,8.64,0,0
11/7/2020 4:15,13.8,61,8.64,0,0
11/7/2020 4:30,13.5,62,7.56,0,0
11/7/2020 4:45,13.1,63,5.76,0,0
11/7/2020 5:00,12.8,64,7.2,0,0
11/7/2020 5:15,12.4,66,9.36,0,0
11/7/2020 5:30,12,68,9.72,0,0
11/7/2020 5:45,11.7,69,10.8,0,0
11/7/2020 6:00,11.7,70,12.6,0,0
11/7/2020 6:15,12.2,69,14.4,0,0
11/7/2020 6:30,12.4,69,14.4,0,0
11/7/2020 6:45,12.2,70,11.52,0,0
11/7/2020 7:00,12,71,9.36,0,0
11/7/2020 7:15,11.9,72,9.36,0,0
11/7/2020 7:30,11.6,73,7.56,0,0
11/7/2020 7:45,11.4,75,6.84,0,0
11/7/2020 8:00,11.2,76,6.84,0,0
11/7/2020 8:15,11.1,78,7.92,0,0
11/7/2020 8:30,11.1,79,9,0,0
11/7/2020 8:45,11.1,79,9.72,0,0
11/7/2020 9:00,11.2,79,10.8,0,0
11/7/2020 9:15,10.9,80,10.08,0,0
11/7/2020 9:30,10.6,81,9,0,0
11/7/2020 9:45,10.4,83,7.2,0,0
11/7/2020 10:00,10.3,84,7.2,0,0
11/7/2020 10:15,10.3,84,7.56,0,0
11/7/2020 10:30,10.1,84,6.12,0,0
11/7/2020 10:45,10.1,84,6.48,0,0
11/7/2020 11:00,9.9,85,6.48,0,0
11/7/2020 11:15,10.2,85,11.88,0,0
11/7/2020 11:30,10.7,85,12.6,0,0
11/7/2020 11:45,11,84,13.68,0,0
11/7/2020 12:00,11.3,84,14.76,0,0
11/7/2020 12:15,11.2,84,11.52,0,0
11/7/2020 12:30,11.1,84,12.6,0,0
11/7/2020 12:45,11.2,84,11.52,0,0
11/7/2020 13:00,10.9,84,11.52,0,0
11/7/2020 13:15,11,84,10.44,0,0
11/7/2020 13:30,11.5,84,11.88,0,0
11/7/2020 13:45,12.3,83,11.52,0,0
11/7/2020 14:00,13.2,81,11.52,0,0
11/7/2020 14:15,14.2,79,11.52,0,0
11/7/2020 14:30,15.5,73,17.28,0,0
11/7/2020 14:45,16.4,70,18,0,0
11/7/2020 15:00,17.5,67,19.44,0,0
11/7/2020 15:15,18.5,64,16.92,0,0
11/10/2020 19:00,12.6,85,23.4,0,1
11/10/2020 19:15,12.6,85,12.24,1,1
11/10/2020 19:30,12.6,85,10.44,1,1
11/10/2020 19:45,12.6,85,14.04,1,1
11/10/2020 20:00,12.6,85,16.2,1,1
11/10/2020 20:15,12.6,85,19.08,1,1
11/10/2020 20:30,8.8,86,15.84,1,1
11/10/2020 20:45,8.5,86,14.04,1,1
11/10/2020 21:00,8.9,86,11.88,1,1
11/10/2020 21:15,8.8,85,15.48,1,1
11/10/2020 21:30,10.4,78,11.16,1,1
11/10/2020 21:45,10,74,14.04,1,1
11/10/2020 22:00,8.7,79,10.08,1,1
11/10/2020 22:15,8.5,82,7.56,1,0
11/10/2020 22:30,9.2,80,11.52,0,0
11/10/2020 22:45,8.7,81,11.52,0,0
11/10/2020 23:00,8,79,11.52,0,0
11/10/2020 23:15,7.3,82,5.04,0,0
11/10/2020 23:30,6.8,85,0,0,0
11/10/2020 23:45,6.5,86,0,0,0
11/11/2020 0:00,6.6,86,3.96,0,0
11/11/2020 0:15,6.7,86,0,0,0
11/11/2020 0:30,6.2,86,0,0,0
11/11/2020 0:45,5.8,88,1.44,0,0
11/11/2020 1:00,5.5,87,0,0,0
11/11/2020 1:15,5.6,87,11.16,0,0
11/11/2020 1:30,5.6,85,13.68,0,0
11/11/2020 1:45,5.1,84,11.16,0,0
11/11/2020 2:00,4.6,83,11.16,0,0
11/11/2020 2:15,4.3,84,6.48,0,0
11/11/2020 2:30,3.8,85,6.48,0,0
11/11/2020 2:45,3.5,86,6.48,0,0
11/11/2020 3:15,2.9,87,6.48,0,0
11/11/2020 3:30,2.9,88,6.48,0,0
11/11/2020 3:45,2.8,88,6.48,0,0
11/11/2020 4:00,2.6,88,6.48,0,0
11/11/2020 4:15,2.4,88,6.48,0,0
11/11/2020 4:30,2.2,88,6.48,0,0
11/11/2020 4:45,1.7,89,6.48,0,0
11/11/2020 5:00,1.5,89,6.48,0,0
11/11/2020 5:15,1.5,89,6.48,0,0
11/11/2020 5:30,1.7,88,6.48,0,0
11/11/2020 5:45,1.6,88,6.48,0,0
11/11/2020 6:00,1.5,88,6.48,0,0
11/11/2020 6:15,1.3,88,6.48,0,0
11/11/2020 6:30,1.2,88,6.48,0,0
11/11/2020 6:45,0.9,88,6.48,0,0
11/11/2020 7:00,0.7,88,6.48,0,0
11/11/2020 7:15,0.3,88,6.48,0,0
11/11/2020 7:30,0.6,89,6.48,0,0
11/11/2020 7:45,0.4,89,6.48,0,0
11/11/2020 8:00,0.3,88,6.48,0,0
11/11/2020 8:15,0.1,89,6.48,0,0
11/11/2020 8:30,0.2,89,6.48,0,0
11/11/2020 8:45,0.8,89,6.48,0,0
11/11/2020 9:00,0.5,89,6.48,0,0
11/11/2020 9:15,0.5,89,6.48,0,0
11/11/2020 9:30,0.6,89,6.48,0,0
11/11/2020 9:45,0.8,89,6.48,0,0
11/11/2020 10:00,1.2,89,6.48,0,0
11/11/2020 10:15,1.4,90,6.48,0,0
11/11/2020 10:30,1,90,6.48,0,0
11/11/2020 10:45,1.3,89,6.48,0,0
11/11/2020 11:00,1.7,90,6.48,0,0
11/11/2020 11:15,1.7,90,6.48,0,0
11/11/2020 11:30,1.9,89,6.48,0,0
11/11/2020 11:45,1.9,89,6.48,0,0
11/11/2020 12:00,1.9,89,6.48,0,0
11/11/2020 12:15,2,90,6.48,0,0
11/11/2020 12:30,2,90,6.48,0,0
11/11/2020 12:45,2.1,90,6.48,0,0
11/11/2020 13:00,1.7,89,6.48,0,0
11/11/2020 13:15,1.4,89,6.48,0,0
11/11/2020 13:30,1,89,6.48,0,0
11/11/2020 13:45,0.3,88,6.48,0,0
11/11/2020 14:00,0.3,87,6.48,0,0
11/11/2020 14:15,0.9,87,0,0,0
11/11/2020 14:30,3,84,0,0,0
11/11/2020 14:45,4.8,83,0,0,0
11/11/2020 15:20,10.1,64,0,0,0
11/11/2020 15:30,10.5,59,0,0,0
11/11/2020 15:45,11.7,55,0,0,0
11/11/2020 16:00,11.4,49,2.52,0,0
11/11/2020 16:15,12.8,49,1.8,0,0
11/11/2020 16:30,13,47,1.44,0,0
11/11/2020 16:45,14.7,47,1.8,0,0
11/11/2020 17:00,15.1,45,0,0,0
11/11/2020 17:15,15.6,45,0,0,0
11/11/2020 17:30,16,42,0,0,0
11/11/2020 17:45,16.9,42,0,0,0
11/11/2020 18:00,16.5,41,1.44,0,0
11/11/2020 18:15,18.4,38,1.44,0,0
11/11/2020 18:30,18.3,39,0,0,0
11/11/2020 18:45,19.2,37,0,0,0
11/11/2020 19:00,19.1,36,1.8,0,0
11/11/2020 19:15,20,35,0,0,0
11/11/2020 19:30,19.9,34,0,0,0
11/11/2020 19:45,20.6,35,0,0,0
11/11/2020 20:00,21.6,33,0,0,0
11/11/2020 20:15,21.8,33,0,0,0
11/11/2020 20:30,23.6,31,1.8,0,0
11/11/2020 20:45,20.8,30,0,0,0
11/11/2020 21:00,22.1,29,0,0,0
11/11/2020 21:15,20.7,29,1.8,0,0
11/11/2020 21:30,20.9,30,1.8,0,0
11/11/2020 22:00,20.4,31,1.8,0,0
11/11/2020 22:30,17.3,33,1.8,0,0
11/11/2020 22:45,15.4,35,1.8,0,0
11/11/2020 23:00,13.1,36,1.8,0,0
11/11/2020 23:15,10.5,39,1.8,0,0
11/11/2020 23:30,9,42,1.8,0,0
11/11/2020 23:45,7.9,47,1.8,0,0
11/12/2020 0:00,7,49,1.8,0,0
11/12/2020 0:15,6.2,52,1.8,0,0
11/12/2020 0:30,5.5,62,1.8,0,0
11/12/2020 0:45,4.7,64,1.8,0,0
11/12/2020 1:00,4.5,65,1.8,0,0
11/12/2020 1:15,4.8,65,1.8,0,0
11/12/2020 1:30,4.1,67,1.8,0,0
11/12/2020 1:45,3.7,67,1.8,0,0
11/12/2020 2:00,3.6,73,1.8,0,0
11/12/2020 2:15,3.3,73,1.8,0,0
11/12/2020 2:30,3.1,74,1.8,0,0
11/12/2020 2:45,3,74,1.8,0,0
11/12/2020 3:00,2.7,75,1.8,0,0
11/12/2020 3:15,2.5,78,1.8,0,0
11/12/2020 3:30,2.4,78,1.8,0,0
11/12/2020 3:45,2.8,77,1.8,0,0
11/12/2020 4:00,3,74,1.8,0,0
11/12/2020 4:15,2.3,75,1.8,0,0
11/12/2020 4:30,2.3,75,1.8,0,0
11/12/2020 4:45,2,75,1.8,0,0
11/12/2020 5:00,2,75,1.8,0,0
11/12/2020 5:15,2,76,1.8,0,0
11/12/2020 5:30,2.4,79,1.8,0,0
11/12/2020 5:45,3,76,1.8,0,0
11/12/2020 6:00,3.4,73,1.8,0,0
11/12/2020 6:15,3.5,71,1.8,0,0
11/12/2020 6:30,3.5,71,1.8,0,0
11/12/2020 6:45,3.6,70,1.8,0,0
11/12/2020 7:00,3.7,69,1.8,0,0
11/12/2020 7:15,3.6,69,1.8,0,0
11/12/2020 7:30,3.3,69,1.8,0,0
11/12/2020 7:45,3,69,1.8,0,0
11/12/2020 8:15,1.8,70,1.8,0,0
11/12/2020 8:30,1.6,72,1.8,0,0
11/12/2020 8:45,1.5,74,1.8,0,0
11/12/2020 9:00,1.2,75,1.8,0,0
11/12/2020 9:15,1,75,1.8,0,0
11/12/2020 9:30,0.9,76,1.8,0,0
11/12/2020 9:45,0.6,77,1.8,0,0
11/12/2020 10:00,0.1,78,1.8,0,0
11/12/2020 10:15,0.1,79,1.8,0,0
11/12/2020 10:45,0.1,81,1.8,0,0
11/12/2020 11:00,0.5,82,1.8,0,0
11/12/2020 11:15,0.7,82,1.8,0,0
11/12/2020 11:30,0.9,82,1.8,0,0
11/12/2020 11:45,1,81,1.8,0,0
11/12/2020 12:00,0.7,80,1.8,0,0
11/12/2020 12:15,0.5,80,1.8,0,0
11/12/2020 12:30,0.3,81,1.8,0,0
11/12/2020 12:45,0.3,81,1.8,0,0
11/12/2020 13:00,0.2,82,1.8,0,0
11/12/2020 13:15,0.5,86,1.8,0,0
11/12/2020 13:30,1.2,84,1.8,0,0
11/12/2020 13:45,2.1,82,1.8,0,0
11/12/2020 14:00,3.1,79,0,0,0
11/12/2020 14:15,4.6,77,0,0,0
11/12/2020 14:30,7.1,65,8.64,0,0
11/12/2020 14:45,9,60,4.32,0,0
11/12/2020 15:00,10.6,53,12.96,0,0
11/12/2020 15:15,11.3,47,31.32,0,0
11/12/2020 15:30,12.2,45,26.28,0,0
11/12/2020 15:45,13.5,42,23.76,0,0
11/12/2020 16:00,14.2,39,26.28,0,0
11/12/2020 16:15,14.7,37,24.48,0,0
11/12/2020 16:30,14.9,37,22.68,0,0
11/12/2020 16:45,15.8,36,28.44,0,0
11/12/2020 17:00,16.4,34,22.68,0,0
11/12/2020 17:15,16.7,29,30.96,0,0
11/12/2020 17:30,16.8,29,19.8,0,0
11/12/2020 17:45,18.3,28,22.68,0,0
11/12/2020 18:00,18,27,24.48,0,0
11/12/2020 18:15,16.2,28,21.96,0,0
11/12/2020 18:30,15.5,32,10.8,0,0
11/12/2020 18:45,15.5,34,9.72,0,0
11/12/2020 19:00,15.3,35,10.08,0,0
11/12/2020 19:15,15,35,14.76,0,0
11/12/2020 19:45,16.4,34,19.44,0,0
11/12/2020 20:00,17.2,34,22.68,0,0
11/12/2020 20:15,17.2,34,21.24,0,0
11/12/2020 20:30,17.2,34,22.32,0,0
11/12/2020 20:45,17.2,34,22.32,0,0
11/12/2020 21:00,17.8,33,20.16,0,0
11/12/2020 21:15,17.8,33,17.28,0,0
11/12/2020 21:30,17.8,33,12.24,0,0
11/12/2020 21:45,17.8,33,10.08,0,0
11/12/2020 22:00,17.8,33,10.08,0,0
11/12/2020 22:15,17.8,33,5.76,0,0
11/12/2020 22:30,17.8,33,0,0,0
11/12/2020 22:45,17.8,33,2.16,0,0
11/12/2020 23:00,17.8,33,1.8,0,0
11/12/2020 23:15,17.8,33,1.44,0,0
11/12/2020 23:30,12.9,38,0,0,0
11/12/2020 23:45,12.6,39,0,0,0
11/13/2020 0:00,11.6,41,0,0,0
11/13/2020 0:15,11.5,45,3.24,0,0
11/13/2020 0:30,11.4,46,3.6,0,0
11/13/2020 1:00,10.7,47,2.52,0,0
11/13/2020 1:15,10.5,48,0,0,0
11/13/2020 1:30,10.4,49,2.52,0,0
11/13/2020 1:45,10.6,49,4.32,0,0
11/13/2020 2:00,10.3,49,0,0,0
11/13/2020 2:15,10.3,50,2.52,0,0
11/13/2020 2:30,10.2,51,1.8,0,0
11/13/2020 2:45,9.8,52,0,0,0
11/13/2020 3:00,9.6,53,4.68,0,0
11/13/2020 3:15,9.6,55,5.04,0,0
11/13/2020 3:30,9.5,56,5.04,0,0
11/13/2020 3:45,9.4,57,5.04,0,0
11/13/2020 4:00,9.1,59,5.04,0,0
11/13/2020 4:15,8.9,61,5.04,0,0
11/13/2020 4:30,8.5,63,5.04,0,0
11/13/2020 4:45,8,66,5.04,0,0
11/13/2020 5:00,7.6,69,5.04,0,0
11/13/2020 5:15,7.1,72,5.04,0,0
11/13/2020 5:30,6.5,72,5.04,0,0
11/13/2020 5:45,5.8,74,5.04,0,0
11/13/2020 6:00,5.4,74,5.04,0,0
11/13/2020 6:15,4.6,74,5.04,0,0
11/13/2020 6:30,4,75,5.04,0,0
11/13/2020 6:45,3.5,78,5.04,0,0
11/13/2020 7:00,3.3,79,5.04,0,0
11/13/2020 7:15,2.8,82,5.04,0,0
11/13/2020 7:30,2.2,82,5.04,0,0
11/13/2020 7:45,1.8,81,5.04,0,0
11/13/2020 8:00,1.4,83,5.04,0,0
11/13/2020 8:15,1.1,84,5.04,0,0
11/13/2020 8:30,1.1,85,5.04,0,0
11/13/2020 8:45,1.3,86,5.04,0,0
11/13/2020 9:00,1,85,5.04,0,0
11/13/2020 9:15,0.6,86,5.04,0,0
11/13/2020 9:30,0.1,87,5.04,0,0
11/13/2020 9:45,0.4,87,5.04,0,0
11/13/2020 10:00,0.9,86,5.04,0,0
11/13/2020 10:15,1.5,87,5.04,0,0
11/13/2020 10:30,1.6,86,5.04,0,0
11/13/2020 10:45,1.3,88,5.04,0,0
11/13/2020 11:00,1.2,89,5.04,0,0
11/13/2020 11:15,1.4,88,5.04,0,0
11/13/2020 11:30,1.5,89,5.04,0,0
11/13/2020 11:45,1.7,89,5.04,0,0
11/13/2020 12:00,1.9,88,5.04,0,0
11/13/2020 12:15,1.7,89,5.04,0,0
11/13/2020 12:30,1.8,88,5.04,0,0
11/13/2020 12:45,1.9,89,5.04,0,0
11/13/2020 13:00,2.2,89,5.04,0,0
11/13/2020 13:15,2.3,89,5.04,0,0
11/13/2020 13:30,2,90,5.04,0,0
11/13/2020 13:45,1.4,89,5.04,0,0
11/13/2020 14:00,0.5,89,5.04,0,0
11/13/2020 14:15,0.3,88,5.04,0,0
11/13/2020 14:30,1.9,86,0,0,0
11/13/2020 14:45,4.2,86,0,0,0
11/13/2020 15:00,6.5,75,0,0,0
11/13/2020 15:15,8.5,63,0,0,0
11/13/2020 15:30,9.8,54,2.52,0,0
11/13/2020 15:45,10.6,50,0,0,0
11/13/2020 16:00,12,46,0,0,0
11/13/2020 16:15,12.5,43,1.8,0,0
11/13/2020 16:30,13.6,42,2.16,0,0
11/13/2020 16:45,13.3,38,3.96,0,0
11/13/2020 17:00,14.5,37,0,0,0
11/13/2020 17:15,15.3,36,1.44,0,0
11/13/2020 17:30,15.7,35,1.44,0,0
11/13/2020 17:45,15.5,35,2.16,0,0
11/13/2020 18:00,17,34,0,0,0
11/13/2020 18:15,16.6,34,0,0,0
11/13/2020 18:30,18.2,32,0,0,0
11/13/2020 18:45,17.4,26,1.8,0,0
11/13/2020 19:00,17.8,28,0,0,0
11/13/2020 19:15,19.7,23,5.76,0,0
11/13/2020 19:30,19.4,24,0,0,0
11/13/2020 19:45,20.7,24,0,0,0
11/13/2020 20:00,20.7,22,0,0,0
11/13/2020 20:15,19.4,24,0,0,0
11/13/2020 20:30,19,23,0,0,0
11/13/2020 20:45,17.3,24,0,0,0
11/13/2020 21:00,16,24,0,0,0
11/13/2020 21:15,15,22,0,0,0
11/13/2020 21:30,15,22,0,0,0
11/13/2020 21:45,15,22,0,0,0
11/13/2020 22:00,15,22,0,0,0
11/13/2020 22:15,11.8,31,0,0,0
11/13/2020 22:30,11,34,0,0,0
11/13/2020 22:45,10.2,36,0,0,0
11/13/2020 23:00,9.4,37,0,0,0
11/13/2020 23:15,9,38,0,0,0
11/13/2020 23:30,8.5,39,0,0,0
11/13/2020 23:45,8,41,0,0,0
11/14/2020 0:15,8,41,0,0,0
11/14/2020 0:30,7.8,41,0,0,0
11/14/2020 1:00,7.5,42,0,0,0
11/14/2020 1:15,7.5,44,0,0,0
11/14/2020 1:30,7.5,44,3.24,0,0
11/14/2020 1:45,7.3,44,3.24,0,0
11/14/2020 2:00,6.9,47,6.48,0,0
11/14/2020 2:15,6.8,49,6.48,0,0
11/14/2020 2:30,7,49,6.84,0,0
11/14/2020 2:45,7.5,49,11.16,0,0
11/14/2020 3:00,7.4,49,11.88,0,0
11/14/2020 3:15,7.5,49,16.56,0,0
11/14/2020 3:30,7.5,49,16.56,0,0
11/14/2020 3:45,7.7,49,16.56,0,0
11/14/2020 4:00,8.4,50,12.96,0,0
11/14/2020 4:15,9.3,48,19.44,0,0
11/14/2020 4:30,9.8,47,23.04,0,0
11/14/2020 4:45,10.1,45,23.76,0,0
11/14/2020 5:00,10.3,44,23.04,0,0
11/14/2020 5:15,10.6,44,23.4,0,0
11/14/2020 5:30,10.7,44,24.48,0,0
11/14/2020 5:45,10.7,44,22.32,0,0
11/14/2020 6:00,10.8,44,20.88,0,0
11/14/2020 6:15,10.8,44,21.6,0,0
11/14/2020 6:30,10.8,44,19.8,0,0
11/14/2020 6:45,10.8,44,23.4,0,0
11/14/2020 7:00,10.8,44,27,0,0
11/14/2020 7:15,10.8,44,24.48,0,0
11/14/2020 7:30,10.8,44,23.76,0,0
11/14/2020 8:00,9,73,14.76,0,0
11/14/2020 8:15,9,73,20.16,0,0
11/14/2020 8:30,9,73,20.16,0,0
11/14/2020 8:45,9,73,20.52,0,0
11/14/2020 9:00,9,73,21.24,0,0
11/14/2020 9:15,9,73,23.76,0,0
11/14/2020 9:30,9,73,21.24,0,0
11/14/2020 9:45,9,73,27.36,0,0
11/14/2020 10:00,9,73,22.68,0,0
11/14/2020 10:15,9,79,8.64,0,1
11/14/2020 10:30,9,79,4.32,1,1
11/14/2020 10:45,9,79,5.04,1,1
11/14/2020 11:00,9,79,17.28,1,1
11/14/2020 11:15,9,79,10.08,1,1
11/14/2020 11:30,9,79,14.76,1,1
11/14/2020 11:45,8.2,86,11.16,1,1
11/14/2020 12:00,7.9,87,17.28,1,1
11/14/2020 12:15,8,86,23.4,1,1
11/14/2020 12:30,8.2,86,21.24,1,1
11/14/2020 12:45,8.3,86,28.08,1,1
11/14/2020 13:00,8.5,86,27.72,1,1
11/14/2020 13:30,9,84,23.4,1,1
11/14/2020 13:45,9.2,83,30.24,1,1
11/14/2020 14:00,9.5,82,17.28,1,1
11/14/2020 14:15,10,82,26.64,1,1
11/14/2020 14:30,10.2,85,28.08,1,1
11/14/2020 14:45,10.4,85,32.04,1,1
11/14/2020 15:00,11.1,84,27.72,1,1
11/14/2020 15:15,11.7,83,32.4,1,1
11/14/2020 15:30,12,81,30.6,1,1
11/14/2020 15:45,12.4,81,32.04,1,1
11/14/2020 16:00,13.8,76,2.88,1,0
11/14/2020 16:15,13.3,77,27.36,0,0
11/14/2020 16:30,13.3,77,28.8,0,0
11/14/2020 16:45,14.4,78,30.96,0,0
11/14/2020 17:00,14.2,77,27,0,0
11/14/2020 17:15,15.4,75,33.12,0,0
11/14/2020 17:30,15.2,76,1.44,0,0
11/14/2020 17:45,14.9,78,35.64,0,0
11/14/2020 18:00,14.9,78,2.88,0,0
11/14/2020 18:15,14.9,78,7.2,0,0
11/14/2020 18:45,14.9,78,33.48,0,0
11/14/2020 19:00,14.5,83,25.92,0,0
11/14/2020 19:15,14.5,83,29.16,0,0
11/14/2020 19:30,14.5,83,31.32,0,0
11/14/2020 19:45,14.5,83,29.88,0,0
11/14/2020 20:00,14.5,83,23.04,0,0
11/14/2020 20:15,15.5,82,35.64,0,0
11/14/2020 20:30,15.5,82,26.64,0,0
11/14/2020 20:46,15.5,82,24.84,0,0
11/14/2020 21:00,15.5,82,30.24,0,0
11/14/2020 21:15,15.5,82,32.4,0,0
11/14/2020 21:30,15.5,82,1.08,0,0
11/14/2020 21:45,16.6,83,34.2,0,0
11/14/2020 22:00,16.6,83,5.4,0,0
11/14/2020 22:15,16.6,83,31.32,0,0
11/14/2020 22:30,16.6,83,31.68,0,0
11/14/2020 22:45,16.6,83,4.68,0,0
11/14/2020 23:00,16.6,83,26.64,0,0
11/14/2020 23:15,16.6,83,32.76,0,0
11/14/2020 23:30,16.6,83,25.2,0,0
11/14/2020 23:45,16.9,84,29.16,0,0
11/15/2020 0:00,17,83,28.44,0,0
11/15/2020 0:15,17,83,16.2,0,0
11/15/2020 0:30,16.8,84,15.12,0,1
11/15/2020 0:45,16.6,83,5.04,1,1
11/15/2020 1:00,15.2,84,15.48,1,1
11/15/2020 1:30,16.6,84,18,1,1
11/15/2020 1:45,16.6,84,21.24,1,1
11/15/2020 2:00,15.7,84,17.28,1,1
11/15/2020 2:15,15.7,84,23.04,1,1
11/15/2020 2:30,15.3,76,26.64,1,1
11/15/2020 2:45,13.4,79,27,1,1
11/15/2020 3:00,12.8,84,18,1,1
11/15/2020 3:15,12.8,84,14.04,1,1
11/15/2020 3:30,12.3,84,15.84,1,1
11/15/2020 3:45,12,85,12.96,1,1
11/15/2020 4:00,11.9,85,8.64,1,1
11/15/2020 4:15,11.9,85,6.12,1,1
11/15/2020 4:30,12.1,76,5.76,1,1
11/15/2020 4:45,12.3,65,14.76,1,1
11/15/2020 5:00,12.2,62,10.08,1,1
11/15/2020 5:15,12.2,55,10.08,1,0
11/15/2020 5:30,11.6,54,7.92,0,0
11/15/2020 5:45,11.6,52,9,0,0
11/15/2020 6:00,11.5,51,6.84,0,0
11/15/2020 6:15,11.1,52,8.64,0,0
11/15/2020 6:30,11.1,50,15.48,0,0
11/15/2020 6:45,10.8,50,10.08,0,0
11/15/2020 7:00,10.7,50,12.24,0,0
11/15/2020 7:15,10.4,51,17.28,0,0
11/15/2020 7:30,10.1,51,25.92,0,0
11/15/2020 7:45,9.6,52,21.6,0,0
11/15/2020 8:00,9.3,52,18,0,0
11/15/2020 8:15,9,54,22.68,0,0
11/15/2020 8:30,8.4,56,15.48,0,0
11/15/2020 8:45,8.1,58,14.76,0,0
11/15/2020 9:00,7.7,61,14.76,0,0
11/15/2020 9:15,7.4,62,21.6,0,0
11/15/2020 9:30,7.3,62,22.32,0,0
11/15/2020 9:45,7.1,63,24.84,0,0
11/15/2020 10:00,6.8,64,30.6,0,0
11/15/2020 10:15,6.6,64,30.6,0,0
11/15/2020 10:30,6.3,67,30.6,0,0
11/15/2020 11:00,5.8,67,17.28,0,0
11/15/2020 11:15,5.4,71,13.68,0,0
11/15/2020 11:30,5.4,71,9.36,0,0
11/15/2020 11:45,5.4,71,9.36,0,0
11/15/2020 12:00,5.4,71,10.44,0,0
11/15/2020 12:15,5.4,71,12.24,0,0
11/15/2020 12:30,5.4,71,12.24,0,0
11/15/2020 12:45,5.4,71,12.24,0,0
11/15/2020 13:00,4.7,67,12.24,0,0
11/15/2020 13:15,4.7,67,16.2,0,0
11/15/2020 13:30,4.7,67,12.6,0,0
11/15/2020 13:45,4.7,67,16.56,0,0
11/15/2020 14:00,4.7,67,16.56,0,0
11/15/2020 14:15,4.7,67,12.96,0,0
11/15/2020 14:30,6.6,55,16.2,0,0
11/15/2020 14:45,7.3,51,19.08,0,0
11/15/2020 15:00,8,50,21.96,0,0
11/15/2020 15:15,8.8,49,19.08,0,0
11/15/2020 15:30,8.9,48,25.2,0,0
11/15/2020 15:45,9.3,47,24.48,0,0
11/15/2020 16:00,9.7,46,24.48,0,0
11/15/2020 16:15,10.1,44,22.68,0,0
11/15/2020 16:30,10.5,42,25.2,0,0
11/15/2020 16:45,10.8,42,23.76,0,0
11/15/2020 17:00,11.1,40,23.04,0,0
11/15/2020 17:15,11.6,39,21.24,0,0
11/15/2020 17:30,11.8,38,23.4,0,0
11/15/2020 17:45,12.3,37,18,0,0
11/15/2020 18:00,12.4,37,17.64,0,0
11/15/2020 18:15,12.5,36,25.92,0,0
11/15/2020 18:30,12.5,36,24.84,0,0
11/15/2020 18:45,13.2,35,21.6,0,0
11/15/2020 19:00,13.3,35,21.24,0,0
11/15/2020 19:15,13.6,33,20.52,0,0
11/15/2020 19:30,14,31,17.28,0,0
11/15/2020 19:45,14,30,17.64,0,0
11/15/2020 20:00,14.3,28,15.48,0,0
11/15/2020 20:15,14.5,27,15.84,0,0
11/15/2020 20:30,14.7,26,15.48,0,0
11/15/2020 20:45,14.1,26,15.84,0,0
11/15/2020 21:00,14.6,26,11.52,0,0
11/15/2020 21:15,14.2,25,16.2,0,0
11/15/2020 21:30,14.4,26,17.28,0,0
11/15/2020 21:45,14.4,26,17.28,0,0
11/15/2020 22:00,13.8,25,17.28,0,0
11/15/2020 22:15,13.8,25,17.28,0,0
11/15/2020 22:30,12.5,20,17.28,0,0
11/15/2020 22:45,11.6,26,5.76,0,0
11/15/2020 23:00,10.5,27,5.76,0,0
11/15/2020 23:15,9.4,30,5.76,0,0
11/15/2020 23:30,8.5,32,5.76,0,0
11/15/2020 23:45,7.9,34,5.76,0,0
11/16/2020 0:00,7.4,35,5.76,0,0
11/16/2020 0:15,7,35,5.76,0,0
11/16/2020 0:45,6.3,38,5.76,0,0
11/16/2020 1:00,5.8,40,5.76,0,0
11/16/2020 1:15,5.6,40,5.76,0,0
11/16/2020 1:30,5,40,5.76,0,0
11/16/2020 1:45,5,40,5.76,0,0
11/16/2020 2:00,5.3,40,5.76,0,0
11/16/2020 2:30,5.3,41,0,0,0
11/16/2020 2:45,5,41,0,0,0
11/16/2020 3:00,5.3,41,0,0,0
11/16/2020 3:15,5.4,42,0,0,0
11/16/2020 3:30,5.4,42,0,0,0
11/16/2020 3:45,5.4,42,0,0,0
11/16/2020 4:00,5.3,42,0,0,0
